date,medecins,infirmiers,aides_soignants
2014-01-01,16,60,39
2014-01-02,31,113,68
2014-01-03,43,172,99
2014-01-04,46,184,110
2014-01-05,52,201,121
2014-01-06,59,245,152
2014-01-07,64,267,171
2014-01-08,69,289,168
2014-01-09,74,314,183
2014-01-10,78,319,193
2014-01-11,71,310,179
2014-01-12,71,312,179
2014-01-13,83,333,201
2014-01-14,85,359,213
2014-01-15,85,353,207
2014-01-16,84,353,218
2014-01-17,87,351,218
2014-01-18,79,329,202
2014-01-19,81,336,195
2014-01-20,87,367,223
2014-01-21,86,362,213
2014-01-22,86,372,226
2014-01-23,90,380,226
2014-01-24,89,380,233
2014-01-25,83,354,196
2014-01-26,83,341,203
2014-01-27,89,359,222
2014-01-28,90,381,221
2014-01-29,88,370,227
2014-01-30,91,375,229
2014-01-31,91,385,225
2014-02-01,81,336,197
2014-02-02,81,338,202
2014-02-03,88,359,219
2014-02-04,88,363,220
2014-02-05,90,381,223
2014-02-06,90,372,216
2014-02-07,88,369,231
2014-02-08,80,335,200
2014-02-09,78,341,204
2014-02-10,91,367,229
2014-02-11,87,377,233
2014-02-12,86,364,221
2014-02-13,88,360,222
2014-02-14,89,381,223
2014-02-15,87,344,208
2014-02-16,85,341,210
2014-02-17,92,361,223
2014-02-18,90,379,220
2014-02-19,89,385,230
2014-02-20,92,383,226
2014-02-21,91,379,224
2014-02-22,85,341,198
2014-02-23,81,326,202
2014-02-24,89,356,221
2014-02-25,88,368,226
2014-02-26,88,363,217
2014-02-27,86,365,221
2014-02-28,91,380,225
2014-03-01,74,296,189
2014-03-02,68,274,163
2014-03-03,70,285,175
2014-03-04,66,272,160
2014-03-05,60,262,162
2014-03-06,61,245,152
2014-03-07,58,234,144
2014-03-08,51,207,130
2014-03-09,51,213,128
2014-03-10,49,210,131
2014-03-11,52,215,143
2014-03-12,52,219,131
2014-03-13,52,207,129
2014-03-14,48,206,123
2014-03-15,44,196,102
2014-03-16,43,164,102
2014-03-17,46,184,106
2014-03-18,42,183,104
2014-03-19,43,177,103
2014-03-20,47,182,99
2014-03-21,44,176,112
2014-03-22,38,165,101
2014-03-23,41,158,98
2014-03-24,42,175,115
2014-03-25,44,173,112
2014-03-26,47,185,101
2014-03-27,41,184,103
2014-03-28,43,178,100
2014-03-29,37,136,89
2014-03-30,36,147,99
2014-03-31,39,170,104
2014-04-01,46,170,112
2014-04-02,44,177,111
2014-04-03,45,183,112
2014-04-04,44,185,113
2014-04-05,43,158,108
2014-04-06,35,159,98
2014-04-07,43,173,105
2014-04-08,43,178,112
2014-04-09,43,173,110
2014-04-10,44,186,111
2014-04-11,43,182,114
2014-04-12,41,167,101
2014-04-13,43,165,103
2014-04-14,43,178,112
2014-04-15,45,185,113
2014-04-16,44,188,109
2014-04-17,45,183,111
2014-04-18,46,180,119
2014-04-19,38,160,105
2014-04-20,41,169,101
2014-04-21,42,171,106
2014-04-22,42,187,108
2014-04-23,42,180,111
2014-04-24,42,175,109
2014-04-25,45,180,108
2014-04-26,39,154,92
2014-04-27,39,166,101
2014-04-28,47,190,110
2014-04-29,44,178,110
2014-04-30,44,189,109
2014-05-01,46,196,112
2014-05-02,46,191,110
2014-05-03,41,170,102
2014-05-04,39,169,103
2014-05-05,47,190,119
2014-05-06,42,188,110
2014-05-07,49,182,109
2014-05-08,44,174,110
2014-05-09,42,183,111
2014-05-10,44,172,97
2014-05-11,37,165,92
2014-05-12,47,188,107
2014-05-13,41,193,110
2014-05-14,46,171,106
2014-05-15,44,182,107
2014-05-16,46,181,112
2014-05-17,41,172,104
2014-05-18,37,153,103
2014-05-19,44,175,114
2014-05-20,42,182,105
2014-05-21,45,183,102
2014-05-22,44,177,110
2014-05-23,41,182,111
2014-05-24,36,158,91
2014-05-25,38,163,101
2014-05-26,44,191,103
2014-05-27,40,182,111
2014-05-28,43,167,107
2014-05-29,41,186,110
2014-05-30,42,180,106
2014-05-31,40,171,95
2014-06-01,39,156,93
2014-06-02,41,166,101
2014-06-03,41,191,108
2014-06-04,43,186,110
2014-06-05,45,193,117
2014-06-06,43,181,109
2014-06-07,35,155,104
2014-06-08,43,163,101
2014-06-09,44,198,112
2014-06-10,42,169,98
2014-06-11,42,171,100
2014-06-12,40,166,110
2014-06-13,44,175,111
2014-06-14,38,154,101
2014-06-15,38,147,91
2014-06-16,39,163,107
2014-06-17,46,166,107
2014-06-18,41,175,104
2014-06-19,42,183,106
2014-06-20,45,183,109
2014-06-21,38,162,102
2014-06-22,38,150,94
2014-06-23,43,164,107
2014-06-24,40,176,101
2014-06-25,38,164,105
2014-06-26,43,170,108
2014-06-27,39,176,101
2014-06-28,37,162,93
2014-06-29,36,160,90
2014-06-30,43,166,106
2014-07-01,41,142,91
2014-07-02,39,155,95
2014-07-03,38,163,97
2014-07-04,41,161,97
2014-07-05,35,147,88
2014-07-06,37,147,91
2014-07-07,44,169,97
2014-07-08,43,168,94
2014-07-09,39,161,102
2014-07-10,43,191,110
2014-07-11,42,182,97
2014-07-12,40,169,93
2014-07-13,41,164,96
2014-07-14,44,193,108
2014-07-15,44,179,105
2014-07-16,46,180,111
2014-07-17,44,189,113
2014-07-18,47,183,111
2014-07-19,39,170,105
2014-07-20,43,169,108
2014-07-21,48,190,120
2014-07-22,44,183,107
2014-07-23,49,196,115
2014-07-24,46,182,123
2014-07-25,47,193,119
2014-07-26,43,176,102
2014-07-27,43,185,110
2014-07-28,49,186,110
2014-07-29,45,189,118
2014-07-30,43,200,114
2014-07-31,46,187,109
2014-08-01,47,190,109
2014-08-02,40,175,113
2014-08-03,40,160,100
2014-08-04,41,159,105
2014-08-05,41,176,111
2014-08-06,43,168,98
2014-08-07,46,171,103
2014-08-08,40,168,100
2014-08-09,35,149,91
2014-08-10,35,147,91
2014-08-11,38,171,87
2014-08-12,40,166,87
2014-08-13,36,149,85
2014-08-14,33,136,92
2014-08-15,37,153,90
2014-08-16,30,129,81
2014-08-17,28,130,75
2014-08-18,33,143,85
2014-08-19,34,150,82
2014-08-20,36,148,85
2014-08-21,34,133,88
2014-08-22,33,137,88
2014-08-23,28,113,67
2014-08-24,31,115,81
2014-08-25,28,144,81
2014-08-26,32,131,82
2014-08-27,34,147,85
2014-08-28,34,137,83
2014-08-29,33,125,76
2014-08-30,31,123,73
2014-08-31,29,121,69
2014-09-01,35,155,88
2014-09-02,38,145,98
2014-09-03,41,167,103
2014-09-04,45,180,97
2014-09-05,39,168,103
2014-09-06,40,157,98
2014-09-07,37,155,90
2014-09-08,41,169,102
2014-09-09,45,172,117
2014-09-10,45,185,107
2014-09-11,47,185,113
2014-09-12,50,187,117
2014-09-13,40,173,111
2014-09-14,39,180,104
2014-09-15,43,188,114
2014-09-16,46,176,108
2014-09-17,45,190,116
2014-09-18,46,181,115
2014-09-19,46,191,117
2014-09-20,41,167,98
2014-09-21,36,164,98
2014-09-22,42,166,100
2014-09-23,45,177,109
2014-09-24,43,178,111
2014-09-25,42,180,106
2014-09-26,42,176,108
2014-09-27,38,169,93
2014-09-28,38,156,101
2014-09-29,41,175,95
2014-09-30,42,179,104
2014-10-01,46,178,114
2014-10-02,49,183,109
2014-10-03,48,196,110
2014-10-04,39,163,94
2014-10-05,37,156,94
2014-10-06,44,186,117
2014-10-07,43,192,111
2014-10-08,44,188,106
2014-10-09,45,184,112
2014-10-10,44,197,107
2014-10-11,38,159,95
2014-10-12,38,170,103
2014-10-13,42,174,109
2014-10-14,43,186,110
2014-10-15,40,188,114
2014-10-16,41,175,108
2014-10-17,45,187,118
2014-10-18,39,160,93
2014-10-19,37,161,104
2014-10-20,41,175,104
2014-10-21,44,189,102
2014-10-22,42,185,110
2014-10-23,47,185,107
2014-10-24,44,186,111
2014-10-25,40,171,103
2014-10-26,41,164,96
2014-10-27,44,188,105
2014-10-28,46,185,112
2014-10-29,47,188,112
2014-10-30,41,185,111
2014-10-31,48,179,109
2014-11-01,40,175,99
2014-11-02,38,162,96
2014-11-03,42,179,111
2014-11-04,40,178,103
2014-11-05,47,175,108
2014-11-06,45,192,109
2014-11-07,43,194,104
2014-11-08,34,163,94
2014-11-09,36,162,95
2014-11-10,40,163,106
2014-11-11,43,172,111
2014-11-12,41,169,104
2014-11-13,43,181,107
2014-11-14,43,169,112
2014-11-15,39,171,100
2014-11-16,40,168,101
2014-11-17,44,185,107
2014-11-18,45,179,114
2014-11-19,43,197,111
2014-11-20,41,183,107
2014-11-21,47,184,111
2014-11-22,37,165,91
2014-11-23,37,170,103
2014-11-24,45,177,110
2014-11-25,44,176,116
2014-11-26,46,184,111
2014-11-27,46,180,114
2014-11-28,46,192,118
2014-11-29,45,177,101
2014-11-30,42,177,105
2014-12-01,51,207,129
2014-12-02,54,228,136
2014-12-03,58,228,144
2014-12-04,57,249,139
2014-12-05,60,238,139
2014-12-06,51,214,131
2014-12-07,51,205,125
2014-12-08,60,242,141
2014-12-09,55,231,141
2014-12-10,54,230,133
2014-12-11,57,238,138
2014-12-12,59,226,134
2014-12-13,52,220,135
2014-12-14,50,218,127
2014-12-15,55,237,141
2014-12-16,55,251,151
2014-12-17,57,246,148
2014-12-18,60,244,146
2014-12-19,58,249,147
2014-12-20,52,224,120
2014-12-21,54,204,127
2014-12-22,54,228,146
2014-12-23,56,239,142
2014-12-24,59,243,140
2014-12-25,59,234,136
2014-12-26,57,249,148
2014-12-27,51,212,127
2014-12-28,55,212,128
2014-12-29,57,232,137
2014-12-30,55,232,139
2014-12-31,58,237,145
2015-01-01,61,255,145
2015-01-02,68,279,170
2015-01-03,56,268,153
2015-01-04,65,257,160
2015-01-05,68,289,183
2015-01-06,73,307,187
2015-01-07,77,319,192
2015-01-08,83,325,196
2015-01-09,83,344,207
2015-01-10,75,299,190
2015-01-11,73,313,184
2015-01-12,83,349,210
2015-01-13,85,362,213
2015-01-14,86,367,222
2015-01-15,84,365,220
2015-01-16,86,371,217
2015-01-17,78,323,194
2015-01-18,74,310,198
2015-01-19,84,350,205
2015-01-20,84,349,221
2015-01-21,89,357,226
2015-01-22,89,362,208
2015-01-23,92,355,211
2015-01-24,84,354,209
2015-01-25,82,339,205
2015-01-26,90,371,222
2015-01-27,91,376,227
2015-01-28,87,378,223
2015-01-29,88,379,232
2015-01-30,93,370,223
2015-01-31,84,335,204
2015-02-01,81,328,201
2015-02-02,85,360,219
2015-02-03,85,370,221
2015-02-04,91,377,231
2015-02-05,90,373,226
2015-02-06,92,380,228
2015-02-07,80,337,199
2015-02-08,84,327,198
2015-02-09,86,370,218
2015-02-10,92,370,225
2015-02-11,89,389,221
2015-02-12,93,388,232
2015-02-13,91,382,230
2015-02-14,82,348,214
2015-02-15,80,330,203
2015-02-16,93,360,226
2015-02-17,90,358,219
2015-02-18,93,370,223
2015-02-19,89,372,224
2015-02-20,88,379,224
2015-02-21,83,335,208
2015-02-22,81,319,200
2015-02-23,88,350,221
2015-02-24,88,361,219
2015-02-25,90,370,224
2015-02-26,89,381,222
2015-02-27,91,374,225
2015-02-28,85,352,210
2015-03-01,69,295,183
2015-03-02,72,315,182
2015-03-03,69,286,173
2015-03-04,66,279,169
2015-03-05,61,251,148
2015-03-06,60,239,139
2015-03-07,52,229,128
2015-03-08,52,211,126
2015-03-09,55,221,135
2015-03-10,53,213,134
2015-03-11,50,205,128
2015-03-12,47,202,121
2015-03-13,50,203,120
2015-03-14,45,190,111
2015-03-15,43,169,102
2015-03-16,46,193,117
2015-03-17,46,196,115
2015-03-18,47,192,107
2015-03-19,45,194,112
2015-03-20,48,203,121
2015-03-21,42,184,106
2015-03-22,40,165,100
2015-03-23,43,181,109
2015-03-24,42,178,110
2015-03-25,44,167,96
2015-03-26,44,166,104
2015-03-27,41,171,111
2015-03-28,41,160,88
2015-03-29,36,158,88
2015-03-30,41,167,103
2015-03-31,40,160,105
2015-04-01,41,172,99
2015-04-02,41,168,103
2015-04-03,45,165,97
2015-04-04,41,158,93
2015-04-05,41,158,105
2015-04-06,43,172,114
2015-04-07,42,186,110
2015-04-08,47,196,112
2015-04-09,42,186,107
2015-04-10,48,185,109
2015-04-11,40,155,94
2015-04-12,42,161,95
2015-04-13,46,194,115
2015-04-14,45,176,103
2015-04-15,47,181,109
2015-04-16,47,188,113
2015-04-17,48,177,113
2015-04-18,40,166,105
2015-04-19,40,164,101
2015-04-20,42,171,101
2015-04-21,40,193,104
2015-04-22,43,180,110
2015-04-23,44,184,105
2015-04-24,43,181,107
2015-04-25,42,165,100
2015-04-26,39,163,94
2015-04-27,37,169,97
2015-04-28,41,178,110
2015-04-29,42,176,111
2015-04-30,43,192,108
2015-05-01,39,182,108
2015-05-02,42,168,98
2015-05-03,35,156,91
2015-05-04,41,181,113
2015-05-05,44,172,109
2015-05-06,46,177,108
2015-05-07,44,177,112
2015-05-08,42,180,103
2015-05-09,37,162,93
2015-05-10,41,154,95
2015-05-11,44,166,98
2015-05-12,40,188,106
2015-05-13,49,177,109
2015-05-14,48,198,120
2015-05-15,48,194,115
2015-05-16,42,164,97
2015-05-17,38,159,94
2015-05-18,43,180,105
2015-05-19,44,165,103
2015-05-20,42,168,107
2015-05-21,44,192,112
2015-05-22,41,191,113
2015-05-23,41,163,95
2015-05-24,38,168,105
2015-05-25,46,174,102
2015-05-26,45,176,113
2015-05-27,45,188,108
2015-05-28,45,181,106
2015-05-29,38,180,115
2015-05-30,43,164,98
2015-05-31,41,160,101
2015-06-01,46,193,111
2015-06-02,45,182,109
2015-06-03,44,188,115
2015-06-04,42,192,109
2015-06-05,45,183,103
2015-06-06,42,174,100
2015-06-07,40,171,95
2015-06-08,44,192,107
2015-06-09,44,173,110
2015-06-10,45,176,116
2015-06-11,42,177,110
2015-06-12,45,173,108
2015-06-13,39,163,96
2015-06-14,36,150,93
2015-06-15,39,152,104
2015-06-16,44,163,102
2015-06-17,44,190,106
2015-06-18,41,174,110
2015-06-19,40,168,102
2015-06-20,37,161,103
2015-06-21,39,157,94
2015-06-22,38,176,102
2015-06-23,41,192,105
2015-06-24,41,173,110
2015-06-25,41,163,106
2015-06-26,41,188,111
2015-06-27,38,169,97
2015-06-28,39,157,89
2015-06-29,39,174,99
2015-06-30,40,162,103
2015-07-01,41,147,92
2015-07-02,40,155,95
2015-07-03,35,159,93
2015-07-04,36,151,96
2015-07-05,36,145,87
2015-07-06,38,164,96
2015-07-07,41,175,96
2015-07-08,43,177,101
2015-07-09,37,168,108
2015-07-10,41,164,100
2015-07-11,39,159,93
2015-07-12,37,157,92
2015-07-13,45,171,109
2015-07-14,46,184,105
2015-07-15,44,181,105
2015-07-16,45,178,116
2015-07-17,44,188,113
2015-07-18,40,174,101
2015-07-19,41,157,99
2015-07-20,48,177,107
2015-07-21,46,190,115
2015-07-22,47,197,121
2015-07-23,48,193,119
2015-07-24,51,197,115
2015-07-25,46,182,101
2015-07-26,44,174,106
2015-07-27,47,193,118
2015-07-28,45,194,114
2015-07-29,46,191,109
2015-07-30,47,184,116
2015-07-31,47,203,114
2015-08-01,40,171,102
2015-08-02,42,159,97
2015-08-03,42,189,117
2015-08-04,42,176,107
2015-08-05,45,171,107
2015-08-06,43,173,103
2015-08-07,42,151,103
2015-08-08,34,138,91
2015-08-09,37,142,90
2015-08-10,40,160,98
2015-08-11,40,160,89
2015-08-12,37,149,101
2015-08-13,36,154,94
2015-08-14,36,159,87
2015-08-15,33,129,75
2015-08-16,30,129,76
2015-08-17,32,129,82
2015-08-18,29,139,81
2015-08-19,30,134,79
2015-08-20,34,147,76
2015-08-21,34,139,87
2015-08-22,31,122,75
2015-08-23,27,127,73
2015-08-24,37,138,80
2015-08-25,30,126,76
2015-08-26,33,139,75
2015-08-27,34,130,80
2015-08-28,36,141,80
2015-08-29,29,115,74
2015-08-30,30,121,76
2015-08-31,34,139,82
2015-09-01,39,164,93
2015-09-02,44,172,104
2015-09-03,43,174,107
2015-09-04,43,172,107
2015-09-05,36,161,96
2015-09-06,37,156,87
2015-09-07,41,178,107
2015-09-08,40,182,101
2015-09-09,42,171,99
2015-09-10,44,163,106
2015-09-11,43,169,109
2015-09-12,38,161,96
2015-09-13,38,163,98
2015-09-14,38,182,98
2015-09-15,44,183,101
2015-09-16,42,171,106
2015-09-17,43,184,113
2015-09-18,45,171,104
2015-09-19,35,155,100
2015-09-20,41,149,92
2015-09-21,42,176,101
2015-09-22,43,174,106
2015-09-23,44,179,106
2015-09-24,44,182,108
2015-09-25,45,200,116
2015-09-26,40,173,100
2015-09-27,42,166,98
2015-09-28,44,169,103
2015-09-29,40,180,114
2015-09-30,47,181,109
2015-10-01,40,178,106
2015-10-02,43,184,109
2015-10-03,36,172,96
2015-10-04,40,177,95
2015-10-05,36,171,108
2015-10-06,46,169,108
2015-10-07,42,178,117
2015-10-08,39,179,108
2015-10-09,45,178,108
2015-10-10,37,158,92
2015-10-11,37,148,92
2015-10-12,40,172,99
2015-10-13,39,183,102
2015-10-14,43,179,115
2015-10-15,39,199,112
2015-10-16,44,183,111
2015-10-17,41,169,101
2015-10-18,40,164,99
2015-10-19,44,192,113
2015-10-20,40,197,117
2015-10-21,48,198,124
2015-10-22,49,192,120
2015-10-23,44,183,112
2015-10-24,43,177,105
2015-10-25,41,169,97
2015-10-26,45,187,112
2015-10-27,46,185,110
2015-10-28,47,187,109
2015-10-29,45,185,111
2015-10-30,46,188,115
2015-10-31,38,177,105
2015-11-01,40,178,108
2015-11-02,42,182,109
2015-11-03,43,190,110
2015-11-04,46,182,119
2015-11-05,43,190,115
2015-11-06,50,187,105
2015-11-07,43,189,112
2015-11-08,43,174,109
2015-11-09,43,191,115
2015-11-10,46,200,112
2015-11-11,42,179,101
2015-11-12,40,172,103
2015-11-13,43,171,110
2015-11-14,39,164,97
2015-11-15,39,165,92
2015-11-16,41,174,100
2015-11-17,41,177,111
2015-11-18,43,177,109
2015-11-19,41,174,103
2015-11-20,43,172,96
2015-11-21,38,170,100
2015-11-22,40,167,96
2015-11-23,42,170,103
2015-11-24,43,182,104
2015-11-25,42,179,110
2015-11-26,40,167,106
2015-11-27,42,183,111
2015-11-28,39,173,100
2015-11-29,40,167,94
2015-11-30,44,175,108
2015-12-01,46,190,123
2015-12-02,50,198,119
2015-12-03,55,211,137
2015-12-04,52,227,132
2015-12-05,51,203,123
2015-12-06,51,205,130
2015-12-07,55,233,136
2015-12-08,51,233,150
2015-12-09,58,236,140
2015-12-10,57,239,136
2015-12-11,58,238,143
2015-12-12,52,213,131
2015-12-13,52,208,124
2015-12-14,55,238,133
2015-12-15,52,228,136
2015-12-16,56,232,138
2015-12-17,60,226,138
2015-12-18,59,238,148
2015-12-19,58,226,137
2015-12-20,50,214,129
2015-12-21,55,240,141
2015-12-22,53,233,141
2015-12-23,58,242,135
2015-12-24,57,237,146
2015-12-25,61,257,150
2015-12-26,53,225,131
2015-12-27,57,212,134
2015-12-28,63,245,146
2015-12-29,57,241,151
2015-12-30,55,256,142
2015-12-31,59,247,152
2016-01-01,59,264,165
2016-01-02,55,244,143
2016-01-03,60,248,146
2016-01-04,69,295,170
2016-01-05,73,288,174
2016-01-06,74,313,184
2016-01-07,75,316,184
2016-01-08,79,328,192
2016-01-09,72,304,179
2016-01-10,74,320,183
2016-01-11,80,331,204
2016-01-12,83,344,214
2016-01-13,86,345,202
2016-01-14,87,351,216
2016-01-15,83,366,211
2016-01-16,79,321,189
2016-01-17,76,323,192
2016-01-18,85,363,204
2016-01-19,87,349,206
2016-01-20,84,360,220
2016-01-21,88,376,214
2016-01-22,91,372,229
2016-01-23,85,342,196
2016-01-24,82,341,205
2016-01-25,93,373,230
2016-01-26,94,370,230
2016-01-27,91,382,231
2016-01-28,90,376,228
2016-01-29,89,371,229
2016-01-30,80,346,207
2016-01-31,78,334,208
2016-02-01,86,365,223
2016-02-02,91,371,221
2016-02-03,93,386,229
2016-02-04,91,373,223
2016-02-05,93,386,236
2016-02-06,87,349,219
2016-02-07,83,353,214
2016-02-08,97,405,234
2016-02-09,93,391,236
2016-02-10,93,403,236
2016-02-11,97,405,242
2016-02-12,98,396,238
2016-02-13,85,364,220
2016-02-14,87,368,214
2016-02-15,96,386,234
2016-02-16,95,395,233
2016-02-17,93,377,230
2016-02-18,95,393,236
2016-02-19,94,392,233
2016-02-20,85,352,212
2016-02-21,81,327,208
2016-02-22,87,361,223
2016-02-23,88,375,223
2016-02-24,90,361,226
2016-02-25,89,367,222
2016-02-26,87,378,221
2016-02-27,79,330,208
2016-02-28,78,340,196
2016-02-29,84,359,225
2016-03-01,75,310,189
2016-03-02,72,304,184
2016-03-03,67,273,167
2016-03-04,64,258,154
2016-03-05,55,228,137
2016-03-06,50,214,126
2016-03-07,56,233,129
2016-03-08,51,212,130
2016-03-09,52,209,127
2016-03-10,49,215,128
2016-03-11,49,210,123
2016-03-12,44,196,117
2016-03-13,41,185,111
2016-03-14,45,203,125
2016-03-15,44,188,120
2016-03-16,47,196,117
2016-03-17,48,187,121
2016-03-18,49,194,117
2016-03-19,38,175,105
2016-03-20,40,174,99
2016-03-21,44,172,107
2016-03-22,43,184,108
2016-03-23,43,186,107
2016-03-24,41,195,116
2016-03-25,41,185,106
2016-03-26,40,167,98
2016-03-27,38,161,95
2016-03-28,42,181,106
2016-03-29,46,193,108
2016-03-30,45,189,114
2016-03-31,45,191,114
2016-04-01,42,191,115
2016-04-02,38,165,101
2016-04-03,38,168,107
2016-04-04,41,169,108
2016-04-05,45,179,114
2016-04-06,42,192,110
2016-04-07,48,198,108
2016-04-08,43,187,108
2016-04-09,40,166,92
2016-04-10,38,156,94
2016-04-11,44,166,107
2016-04-12,41,171,107
2016-04-13,43,179,109
2016-04-14,40,166,98
2016-04-15,40,192,110
2016-04-16,36,153,98
2016-04-17,40,164,95
2016-04-18,41,173,103
2016-04-19,38,173,101
2016-04-20,44,200,111
2016-04-21,43,188,112
2016-04-22,45,186,118
2016-04-23,37,166,94
2016-04-24,41,161,98
2016-04-25,44,190,114
2016-04-26,41,183,107
2016-04-27,41,179,107
2016-04-28,49,186,105
2016-04-29,44,193,121
2016-04-30,36,151,105
2016-05-01,39,154,98
2016-05-02,35,170,103
2016-05-03,45,172,107
2016-05-04,42,184,106
2016-05-05,44,182,115
2016-05-06,47,185,112
2016-05-07,37,163,98
2016-05-08,44,154,102
2016-05-09,43,173,110
2016-05-10,42,173,102
2016-05-11,44,181,102
2016-05-12,41,181,106
2016-05-13,44,192,109
2016-05-14,40,167,103
2016-05-15,35,161,100
2016-05-16,45,175,99
2016-05-17,46,181,106
2016-05-18,45,192,114
2016-05-19,42,197,120
2016-05-20,47,185,114
2016-05-21,42,177,107
2016-05-22,39,169,103
2016-05-23,46,183,111
2016-05-24,43,189,110
2016-05-25,42,192,113
2016-05-26,43,182,112
2016-05-27,45,184,111
2016-05-28,44,174,101
2016-05-29,42,160,101
2016-05-30,48,183,107
2016-05-31,42,176,106
2016-06-01,43,173,109
2016-06-02,46,178,116
2016-06-03,45,187,106
2016-06-04,41,156,101
2016-06-05,38,161,90
2016-06-06,39,172,97
2016-06-07,41,161,105
2016-06-08,38,173,105
2016-06-09,40,177,105
2016-06-10,40,167,96
2016-06-11,38,147,94
2016-06-12,36,155,90
2016-06-13,39,169,100
2016-06-14,41,170,94
2016-06-15,42,174,98
2016-06-16,41,174,104
2016-06-17,44,187,111
2016-06-18,36,164,101
2016-06-19,38,161,101
2016-06-20,43,170,105
2016-06-21,41,169,100
2016-06-22,45,171,111
2016-06-23,43,168,107
2016-06-24,38,179,108
2016-06-25,37,160,103
2016-06-26,37,150,100
2016-06-27,46,176,110
2016-06-28,46,175,106
2016-06-29,46,190,110
2016-06-30,43,199,110
2016-07-01,40,173,109
2016-07-02,38,153,92
2016-07-03,35,150,78
2016-07-04,39,164,93
2016-07-05,40,162,105
2016-07-06,44,167,101
2016-07-07,41,169,104
2016-07-08,40,166,106
2016-07-09,39,153,98
2016-07-10,37,160,99
2016-07-11,42,178,103
2016-07-12,42,175,103
2016-07-13,43,172,107
2016-07-14,44,184,110
2016-07-15,45,192,117
2016-07-16,41,168,101
2016-07-17,41,174,103
2016-07-18,44,189,116
2016-07-19,49,196,118
2016-07-20,46,198,115
2016-07-21,48,183,115
2016-07-22,46,191,125
2016-07-23,42,168,104
2016-07-24,38,172,100
2016-07-25,47,183,111
2016-07-26,44,197,111
2016-07-27,48,190,113
2016-07-28,46,190,105
2016-07-29,44,191,111
2016-07-30,37,166,107
2016-07-31,42,163,102
2016-08-01,42,169,104
2016-08-02,46,175,105
2016-08-03,41,183,110
2016-08-04,45,168,103
2016-08-05,37,178,97
2016-08-06,36,142,87
2016-08-07,32,139,83
2016-08-08,36,158,87
2016-08-09,38,164,92
2016-08-10,36,154,98
2016-08-11,37,150,94
2016-08-12,34,156,93
2016-08-13,32,132,79
2016-08-14,33,139,77
2016-08-15,35,128,82
2016-08-16,34,135,80
2016-08-17,33,146,86
2016-08-18,30,130,83
2016-08-19,35,125,83
2016-08-20,29,135,74
2016-08-21,31,125,66
2016-08-22,34,135,82
2016-08-23,40,123,88
2016-08-24,32,136,80
2016-08-25,31,131,82
2016-08-26,30,141,80
2016-08-27,27,121,79
2016-08-28,27,119,67
2016-08-29,32,131,83
2016-08-30,30,132,77
2016-08-31,33,121,78
2016-09-01,35,147,89
2016-09-02,38,156,95
2016-09-03,38,153,92
2016-09-04,33,134,88
2016-09-05,40,170,94
2016-09-06,39,153,96
2016-09-07,42,164,103
2016-09-08,40,171,97
2016-09-09,41,153,102
2016-09-10,34,164,97
2016-09-11,38,163,88
2016-09-12,44,175,101
2016-09-13,44,169,102
2016-09-14,41,172,101
2016-09-15,45,178,109
2016-09-16,43,172,111
2016-09-17,36,166,94
2016-09-18,43,169,98
2016-09-19,45,174,109
2016-09-20,45,185,115
2016-09-21,46,187,104
2016-09-22,42,184,111
2016-09-23,42,199,117
2016-09-24,40,163,97
2016-09-25,37,161,98
2016-09-26,40,181,106
2016-09-27,38,171,104
2016-09-28,46,178,99
2016-09-29,45,175,115
2016-09-30,43,184,116
2016-10-01,37,155,96
2016-10-02,40,151,85
2016-10-03,42,184,113
2016-10-04,42,176,112
2016-10-05,38,171,105
2016-10-06,43,173,106
2016-10-07,37,170,106
2016-10-08,36,158,96
2016-10-09,37,159,91
2016-10-10,42,179,106
2016-10-11,41,176,108
2016-10-12,36,175,100
2016-10-13,43,182,100
2016-10-14,40,171,100
2016-10-15,41,150,91
2016-10-16,38,148,91
2016-10-17,42,171,104
2016-10-18,41,166,106
2016-10-19,47,179,108
2016-10-20,44,170,113
2016-10-21,43,188,104
2016-10-22,42,163,97
2016-10-23,37,152,97
2016-10-24,41,158,97
2016-10-25,41,176,104
2016-10-26,44,161,104
2016-10-27,38,177,103
2016-10-28,44,174,113
2016-10-29,41,166,97
2016-10-30,39,155,99
2016-10-31,44,174,98
2016-11-01,42,164,105
2016-11-02,43,164,100
2016-11-03,42,176,102
2016-11-04,43,176,104
2016-11-05,36,162,100
2016-11-06,37,153,96
2016-11-07,42,176,109
2016-11-08,40,192,111
2016-11-09,44,184,111
2016-11-10,40,189,108
2016-11-11,45,188,105
2016-11-12,41,165,103
2016-11-13,36,166,98
2016-11-14,44,183,105
2016-11-15,42,179,104
2016-11-16,44,174,94
2016-11-17,42,170,99
2016-11-18,40,176,111
2016-11-19,39,156,98
2016-11-20,38,157,92
2016-11-21,39,175,107
2016-11-22,43,180,105
2016-11-23,45,174,112
2016-11-24,42,177,103
2016-11-25,43,189,112
2016-11-26,41,167,94
2016-11-27,38,157,102
2016-11-28,39,180,108
2016-11-29,46,173,108
2016-11-30,48,176,102
2016-12-01,46,213,118
2016-12-02,51,218,130
2016-12-03,49,200,124
2016-12-04,46,196,117
2016-12-05,57,234,139
2016-12-06,60,233,150
2016-12-07,62,250,154
2016-12-08,56,244,145
2016-12-09,59,233,146
2016-12-10,56,225,133
2016-12-11,50,213,136
2016-12-12,57,229,136
2016-12-13,51,225,146
2016-12-14,53,232,142
2016-12-15,55,239,146
2016-12-16,59,262,140
2016-12-17,54,215,133
2016-12-18,52,208,128
2016-12-19,51,231,137
2016-12-20,56,235,139
2016-12-21,56,228,137
2016-12-22,60,251,144
2016-12-23,59,239,152
2016-12-24,55,235,131
2016-12-25,53,223,136
2016-12-26,58,237,149
2016-12-27,60,239,152
2016-12-28,62,249,149
2016-12-29,61,246,151
2016-12-30,56,258,145
2016-12-31,57,223,134
2017-01-01,55,232,146
2017-01-02,59,273,161
2017-01-03,63,267,171
2017-01-04,67,280,177
2017-01-05,72,293,180
2017-01-06,74,322,194
2017-01-07,73,301,186
2017-01-08,71,288,179
2017-01-09,84,325,197
2017-01-10,81,335,197
2017-01-11,86,361,209
2017-01-12,83,344,213
2017-01-13,88,361,215
2017-01-14,78,324,202
2017-01-15,80,316,202
2017-01-16,88,369,211
2017-01-17,86,369,224
2017-01-18,93,377,223
2017-01-19,90,391,226
2017-01-20,95,381,236
2017-01-21,84,343,204
2017-01-22,82,348,208
2017-01-23,89,375,226
2017-01-24,88,386,226
2017-01-25,90,376,225
2017-01-26,92,391,245
2017-01-27,95,400,241
2017-01-28,86,357,210
2017-01-29,88,364,205
2017-01-30,91,385,228
2017-01-31,93,377,238
2017-02-01,95,387,236
2017-02-02,94,379,226
2017-02-03,93,392,232
2017-02-04,81,348,211
2017-02-05,82,355,200
2017-02-06,92,389,237
2017-02-07,90,381,229
2017-02-08,92,381,230
2017-02-09,86,384,229
2017-02-10,91,394,226
2017-02-11,81,354,202
2017-02-12,80,339,207
2017-02-13,88,357,217
2017-02-14,86,365,221
2017-02-15,89,359,226
2017-02-16,89,378,224
2017-02-17,90,370,226
2017-02-18,82,337,211
2017-02-19,84,344,199
2017-02-20,85,368,220
2017-02-21,89,376,232
2017-02-22,92,372,227
2017-02-23,91,382,229
2017-02-24,92,378,231
2017-02-25,83,333,218
2017-02-26,85,344,208
2017-02-27,86,377,228
2017-02-28,90,380,225
2017-03-01,77,331,201
2017-03-02,75,315,189
2017-03-03,71,298,174
2017-03-04,61,252,160
2017-03-05,54,248,150
2017-03-06,57,226,144
2017-03-07,57,230,140
2017-03-08,57,230,132
2017-03-09,50,219,132
2017-03-10,52,208,129
2017-03-11,48,190,111
2017-03-12,44,182,115
2017-03-13,47,200,120
2017-03-14,47,192,121
2017-03-15,47,198,115
2017-03-16,50,195,127
2017-03-17,44,200,120
2017-03-18,42,186,115
2017-03-19,39,182,98
2017-03-20,43,197,110
2017-03-21,43,187,121
2017-03-22,41,178,117
2017-03-23,48,184,106
2017-03-24,48,192,112
2017-03-25,38,164,98
2017-03-26,39,170,100
2017-03-27,40,184,107
2017-03-28,44,185,101
2017-03-29,43,177,102
2017-03-30,44,196,101
2017-03-31,42,181,106
2017-04-01,38,152,97
2017-04-02,37,148,102
2017-04-03,45,180,109
2017-04-04,45,179,110
2017-04-05,41,180,105
2017-04-06,42,166,105
2017-04-07,42,179,106
2017-04-08,38,180,106
2017-04-09,44,162,102
2017-04-10,43,185,110
2017-04-11,48,188,118
2017-04-12,46,202,107
2017-04-13,47,190,106
2017-04-14,46,185,109
2017-04-15,37,155,104
2017-04-16,38,164,92
2017-04-17,41,184,101
2017-04-18,42,179,108
2017-04-19,43,181,110
2017-04-20,45,176,108
2017-04-21,46,188,104
2017-04-22,41,155,100
2017-04-23,43,158,95
2017-04-24,44,166,103
2017-04-25,43,169,103
2017-04-26,43,175,104
2017-04-27,43,184,109
2017-04-28,45,182,110
2017-04-29,38,168,98
2017-04-30,39,173,104
2017-05-01,47,187,115
2017-05-02,47,194,111
2017-05-03,46,192,114
2017-05-04,41,188,121
2017-05-05,45,185,115
2017-05-06,42,178,98
2017-05-07,40,166,97
2017-05-08,42,179,107
2017-05-09,40,179,104
2017-05-10,42,173,103
2017-05-11,43,168,97
2017-05-12,42,178,111
2017-05-13,41,160,109
2017-05-14,40,171,97
2017-05-15,44,182,111
2017-05-16,45,184,106
2017-05-17,42,184,113
2017-05-18,42,185,113
2017-05-19,42,176,108
2017-05-20,39,158,102
2017-05-21,39,158,89
2017-05-22,39,174,95
2017-05-23,45,177,120
2017-05-24,48,180,108
2017-05-25,45,191,102
2017-05-26,40,179,112
2017-05-27,41,172,94
2017-05-28,34,165,92
2017-05-29,39,182,112
2017-05-30,42,174,105
2017-05-31,40,162,99
2017-06-01,43,178,106
2017-06-02,42,182,101
2017-06-03,40,174,93
2017-06-04,38,166,103
2017-06-05,42,176,100
2017-06-06,44,193,110
2017-06-07,44,184,109
2017-06-08,42,187,110
2017-06-09,43,173,112
2017-06-10,41,162,103
2017-06-11,39,160,96
2017-06-12,38,177,97
2017-06-13,39,162,104
2017-06-14,41,172,100
2017-06-15,39,174,101
2017-06-16,42,168,104
2017-06-17,41,164,95
2017-06-18,39,158,96
2017-06-19,42,177,108
2017-06-20,42,176,104
2017-06-21,41,175,110
2017-06-22,42,188,111
2017-06-23,40,187,113
2017-06-24,39,173,99
2017-06-25,40,158,92
2017-06-26,42,179,106
2017-06-27,42,183,112
2017-06-28,43,182,106
2017-06-29,45,172,110
2017-06-30,46,183,107
2017-07-01,34,153,83
2017-07-02,33,141,91
2017-07-03,40,156,96
2017-07-04,39,165,105
2017-07-05,38,178,104
2017-07-06,45,174,106
2017-07-07,40,177,110
2017-07-08,42,156,96
2017-07-09,39,157,101
2017-07-10,42,181,107
2017-07-11,43,185,110
2017-07-12,46,191,118
2017-07-13,50,196,121
2017-07-14,44,198,114
2017-07-15,40,174,112
2017-07-16,43,171,96
2017-07-17,44,188,113
2017-07-18,41,183,113
2017-07-19,46,176,113
2017-07-20,46,195,117
2017-07-21,46,183,105
2017-07-22,41,179,109
2017-07-23,43,177,106
2017-07-24,44,188,120
2017-07-25,44,202,114
2017-07-26,48,183,117
2017-07-27,44,179,113
2017-07-28,46,176,103
2017-07-29,40,166,102
2017-07-30,42,168,108
2017-07-31,47,190,109
2017-08-01,44,184,116
2017-08-02,44,174,109
2017-08-03,43,184,108
2017-08-04,42,170,103
2017-08-05,38,139,87
2017-08-06,33,146,91
2017-08-07,37,143,93
2017-08-08,40,162,97
2017-08-09,37,147,95
2017-08-10,34,162,91
2017-08-11,35,147,90
2017-08-12,32,142,82
2017-08-13,30,141,78
2017-08-14,35,138,86
2017-08-15,34,129,92
2017-08-16,36,137,79
2017-08-17,35,143,87
2017-08-18,35,148,93
2017-08-19,33,127,86
2017-08-20,35,151,75
2017-08-21,35,130,88
2017-08-22,32,151,81
2017-08-23,31,140,78
2017-08-24,36,131,86
2017-08-25,31,145,95
2017-08-26,32,127,79
2017-08-27,31,134,73
2017-08-28,36,128,84
2017-08-29,35,152,89
2017-08-30,33,143,90
2017-08-31,34,140,84
2017-09-01,41,163,99
2017-09-02,41,145,85
2017-09-03,39,152,92
2017-09-04,40,172,110
2017-09-05,43,178,98
2017-09-06,39,157,101
2017-09-07,45,184,108
2017-09-08,44,177,110
2017-09-09,42,159,102
2017-09-10,42,164,103
2017-09-11,48,178,109
2017-09-12,42,180,109
2017-09-13,45,180,113
2017-09-14,47,186,114
2017-09-15,43,187,111
2017-09-16,38,167,95
2017-09-17,37,162,98
2017-09-18,39,180,107
2017-09-19,40,163,103
2017-09-20,40,171,101
2017-09-21,38,172,103
2017-09-22,43,171,112
2017-09-23,34,164,92
2017-09-24,39,154,97
2017-09-25,39,160,106
2017-09-26,40,167,104
2017-09-27,38,170,97
2017-09-28,41,171,96
2017-09-29,40,181,107
2017-09-30,38,159,93
2017-10-01,41,157,96
2017-10-02,45,172,112
2017-10-03,41,193,108
2017-10-04,43,169,106
2017-10-05,41,177,108
2017-10-06,46,185,111
2017-10-07,37,159,106
2017-10-08,38,173,97
2017-10-09,43,186,113
2017-10-10,43,177,107
2017-10-11,43,181,105
2017-10-12,45,193,111
2017-10-13,45,176,100
2017-10-14,42,169,100
2017-10-15,41,169,106
2017-10-16,44,178,113
2017-10-17,43,183,106
2017-10-18,43,185,111
2017-10-19,45,182,103
2017-10-20,44,193,112
2017-10-21,40,174,98
2017-10-22,36,163,97
2017-10-23,42,181,111
2017-10-24,44,184,117
2017-10-25,44,189,110
2017-10-26,42,178,107
2017-10-27,45,197,107
2017-10-28,39,165,101
2017-10-29,40,174,90
2017-10-30,39,180,114
2017-10-31,40,163,111
2017-11-01,46,181,109
2017-11-02,42,186,108
2017-11-03,45,165,106
2017-11-04,38,165,98
2017-11-05,42,155,100
2017-11-06,45,193,107
2017-11-07,45,174,101
2017-11-08,46,184,115
2017-11-09,43,194,122
2017-11-10,46,190,113
2017-11-11,38,179,100
2017-11-12,41,156,95
2017-11-13,46,179,114
2017-11-14,43,170,112
2017-11-15,43,187,110
2017-11-16,42,189,121
2017-11-17,46,186,116
2017-11-18,42,173,99
2017-11-19,40,171,95
2017-11-20,46,180,105
2017-11-21,46,180,112
2017-11-22,42,178,109
2017-11-23,44,169,104
2017-11-24,44,175,103
2017-11-25,34,148,85
2017-11-26,38,154,91
2017-11-27,41,175,112
2017-11-28,38,177,106
2017-11-29,40,173,101
2017-11-30,43,189,110
2017-12-01,52,209,121
2017-12-02,48,208,115
2017-12-03,46,201,116
2017-12-04,52,221,129
2017-12-05,53,235,133
2017-12-06,51,224,140
2017-12-07,55,226,138
2017-12-08,54,243,145
2017-12-09,53,228,129
2017-12-10,54,216,128
2017-12-11,57,239,149
2017-12-12,56,237,149
2017-12-13,56,244,150
2017-12-14,58,251,143
2017-12-15,62,252,153
2017-12-16,53,217,138
2017-12-17,49,218,136
2017-12-18,58,250,147
2017-12-19,56,237,142
2017-12-20,55,235,142
2017-12-21,56,250,149
2017-12-22,57,252,153
2017-12-23,54,222,137
2017-12-24,54,221,128
2017-12-25,58,246,141
2017-12-26,62,236,144
2017-12-27,57,246,140
2017-12-28,59,243,150
2017-12-29,61,250,138
2017-12-30,57,221,128
2017-12-31,52,215,126
2018-01-01,60,245,148
2018-01-02,62,257,160
2018-01-03,68,283,171
2018-01-04,71,290,179
2018-01-05,70,297,177
2018-01-06,70,289,172
2018-01-07,70,276,170
2018-01-08,77,325,192
2018-01-09,78,332,200
2018-01-10,81,341,200
2018-01-11,80,357,216
2018-01-12,86,344,212
2018-01-13,74,334,191
2018-01-14,80,327,189
2018-01-15,82,355,208
2018-01-16,85,352,206
2018-01-17,81,357,211
2018-01-18,85,361,219
2018-01-19,86,357,217
2018-01-20,75,326,197
2018-01-21,79,312,191
2018-01-22,83,355,214
2018-01-23,88,351,211
2018-01-24,89,362,221
2018-01-25,87,352,210
2018-01-26,83,361,219
2018-01-27,82,331,200
2018-01-28,76,315,197
2018-01-29,85,351,212
2018-01-30,85,361,217
2018-01-31,87,363,217
2018-02-01,88,374,216
2018-02-02,92,366,225
2018-02-03,79,339,201
2018-02-04,75,328,193
2018-02-05,87,355,215
2018-02-06,84,356,214
2018-02-07,88,368,212
2018-02-08,88,344,209
2018-02-09,86,358,214
2018-02-10,81,331,201
2018-02-11,79,324,196
2018-02-12,85,347,217
2018-02-13,87,361,219
2018-02-14,87,367,223
2018-02-15,90,368,222
2018-02-16,93,380,234
2018-02-17,85,349,200
2018-02-18,83,340,202
2018-02-19,91,382,228
2018-02-20,89,384,225
2018-02-21,91,374,225
2018-02-22,92,370,234
2018-02-23,86,371,226
2018-02-24,83,341,205
2018-02-25,81,333,206
2018-02-26,90,374,217
2018-02-27,90,372,220
2018-02-28,92,376,230
2018-03-01,77,341,195
2018-03-02,76,320,187
2018-03-03,66,259,165
2018-03-04,60,244,148
2018-03-05,62,248,148
2018-03-06,58,237,154
2018-03-07,57,248,147
2018-03-08,54,231,142
2018-03-09,52,225,135
2018-03-10,49,194,114
2018-03-11,45,194,118
2018-03-12,46,208,125
2018-03-13,47,206,121
2018-03-14,50,196,122
2018-03-15,51,208,116
2018-03-16,47,196,121
2018-03-17,44,173,107
2018-03-18,37,180,101
2018-03-19,45,184,116
2018-03-20,38,184,110
2018-03-21,44,196,108
2018-03-22,45,182,113
2018-03-23,42,176,112
2018-03-24,39,151,94
2018-03-25,40,168,95
2018-03-26,37,183,103
2018-03-27,40,165,113
2018-03-28,42,174,111
2018-03-29,44,187,101
2018-03-30,44,174,109
2018-03-31,40,171,101
2018-04-01,41,169,107
2018-04-02,42,170,106
2018-04-03,41,188,106
2018-04-04,41,175,109
2018-04-05,43,179,116
2018-04-06,42,180,111
2018-04-07,36,167,94
2018-04-08,42,160,102
2018-04-09,46,187,110
2018-04-10,44,180,116
2018-04-11,43,179,114
2018-04-12,43,182,107
2018-04-13,44,187,113
2018-04-14,41,167,97
2018-04-15,38,164,102
2018-04-16,42,169,99
2018-04-17,38,175,105
2018-04-18,43,173,110
2018-04-19,42,183,106
2018-04-20,41,178,106
2018-04-21,40,163,97
2018-04-22,44,169,100
2018-04-23,44,190,112
2018-04-24,45,187,113
2018-04-25,39,190,112
2018-04-26,48,186,107
2018-04-27,44,176,111
2018-04-28,40,171,96
2018-04-29,40,156,102
2018-04-30,44,181,107
2018-05-01,44,189,107
2018-05-02,44,174,105
2018-05-03,44,188,108
2018-05-04,42,173,103
2018-05-05,38,148,99
2018-05-06,37,162,90
2018-05-07,42,175,104
2018-05-08,39,172,98
2018-05-09,40,177,106
2018-05-10,41,165,105
2018-05-11,43,163,110
2018-05-12,39,170,93
2018-05-13,33,164,99
2018-05-14,40,174,119
2018-05-15,43,188,108
2018-05-16,40,183,109
2018-05-17,43,183,111
2018-05-18,44,177,112
2018-05-19,37,156,104
2018-05-20,40,164,93
2018-05-21,41,175,99
2018-05-22,41,181,112
2018-05-23,42,185,100
2018-05-24,44,172,107
2018-05-25,44,191,107
2018-05-26,41,162,98
2018-05-27,37,152,94
2018-05-28,41,173,103
2018-05-29,43,177,99
2018-05-30,43,166,106
2018-05-31,44,166,107
2018-06-01,42,175,113
2018-06-02,39,163,101
2018-06-03,41,165,104
2018-06-04,45,169,107
2018-06-05,43,186,99
2018-06-06,50,190,112
2018-06-07,47,199,114
2018-06-08,46,184,109
2018-06-09,38,158,95
2018-06-10,37,164,92
2018-06-11,44,183,111
2018-06-12,43,202,115
2018-06-13,41,181,105
2018-06-14,41,171,109
2018-06-15,42,187,113
2018-06-16,41,153,97
2018-06-17,38,152,90
2018-06-18,45,176,107
2018-06-19,40,165,101
2018-06-20,41,167,104
2018-06-21,40,173,111
2018-06-22,44,176,103
2018-06-23,37,159,99
2018-06-24,40,155,90
2018-06-25,42,167,101
2018-06-26,45,183,107
2018-06-27,41,181,112
2018-06-28,44,193,116
2018-06-29,48,188,114
2018-06-30,44,173,100
2018-07-01,35,150,84
2018-07-02,38,166,87
2018-07-03,43,172,97
2018-07-04,40,164,103
2018-07-05,42,159,103
2018-07-06,40,170,99
2018-07-07,40,158,88
2018-07-08,33,146,91
2018-07-09,39,169,100
2018-07-10,42,170,95
2018-07-11,40,175,101
2018-07-12,42,170,99
2018-07-13,41,176,102
2018-07-14,37,152,99
2018-07-15,38,170,103
2018-07-16,43,172,99
2018-07-17,40,173,114
2018-07-18,44,183,100
2018-07-19,42,189,112
2018-07-20,44,190,118
2018-07-21,41,172,104
2018-07-22,46,158,105
2018-07-23,45,194,111
2018-07-24,47,200,130
2018-07-25,48,189,115
2018-07-26,46,183,115
2018-07-27,48,185,120
2018-07-28,42,166,102
2018-07-29,44,173,101
2018-07-30,45,188,110
2018-07-31,41,199,112
2018-08-01,45,183,107
2018-08-02,44,175,120
2018-08-03,42,178,109
2018-08-04,40,157,89
2018-08-05,39,155,92
2018-08-06,40,177,106
2018-08-07,39,178,102
2018-08-08,41,156,99
2018-08-09,38,169,103
2018-08-10,33,155,98
2018-08-11,32,140,83
2018-08-12,34,136,78
2018-08-13,33,151,88
2018-08-14,36,148,89
2018-08-15,37,144,82
2018-08-16,36,143,87
2018-08-17,36,138,84
2018-08-18,27,123,77
2018-08-19,26,123,74
2018-08-20,32,141,82
2018-08-21,36,131,83
2018-08-22,33,130,86
2018-08-23,38,139,85
2018-08-24,34,135,76
2018-08-25,29,118,83
2018-08-26,31,127,81
2018-08-27,32,136,85
2018-08-28,35,142,85
2018-08-29,33,140,84
2018-08-30,31,136,77
2018-08-31,34,138,95
2018-09-01,35,138,88
2018-09-02,37,158,87
2018-09-03,37,172,95
2018-09-04,39,164,99
2018-09-05,42,166,101
2018-09-06,41,172,103
2018-09-07,45,187,111
2018-09-08,41,156,100
2018-09-09,40,167,95
2018-09-10,42,178,111
2018-09-11,46,180,113
2018-09-12,44,182,109
2018-09-13,44,177,114
2018-09-14,41,182,105
2018-09-15,36,158,95
2018-09-16,43,155,89
2018-09-17,43,163,105
2018-09-18,41,177,107
2018-09-19,40,170,99
2018-09-20,39,176,99
2018-09-21,41,169,107
2018-09-22,41,146,85
2018-09-23,36,152,92
2018-09-24,40,169,104
2018-09-25,44,165,104
2018-09-26,43,170,112
2018-09-27,42,179,110
2018-09-28,43,171,108
2018-09-29,42,163,96
2018-09-30,40,159,95
2018-10-01,43,181,115
2018-10-02,44,183,104
2018-10-03,40,176,106
2018-10-04,42,183,112
2018-10-05,45,187,112
2018-10-06,39,163,95
2018-10-07,43,164,97
2018-10-08,43,203,107
2018-10-09,43,184,111
2018-10-10,47,199,115
2018-10-11,44,192,118
2018-10-12,50,183,120
2018-10-13,41,174,101
2018-10-14,38,169,101
2018-10-15,45,180,106
2018-10-16,40,187,111
2018-10-17,42,180,108
2018-10-18,40,176,104
2018-10-19,43,176,102
2018-10-20,43,168,93
2018-10-21,39,162,101
2018-10-22,39,177,100
2018-10-23,38,176,108
2018-10-24,48,170,109
2018-10-25,41,181,100
2018-10-26,40,173,107
2018-10-27,37,162,99
2018-10-28,39,167,96
2018-10-29,38,179,100
2018-10-30,43,180,104
2018-10-31,40,172,112
2018-11-01,43,182,112
2018-11-02,46,187,110
2018-11-03,39,172,102
2018-11-04,39,171,98
2018-11-05,41,172,102
2018-11-06,42,184,103
2018-11-07,43,176,107
2018-11-08,41,182,109
2018-11-09,46,187,107
2018-11-10,41,165,99
2018-11-11,39,160,99
2018-11-12,45,172,108
2018-11-13,44,186,116
2018-11-14,43,182,109
2018-11-15,41,177,111
2018-11-16,41,180,100
2018-11-17,39,164,107
2018-11-18,39,152,91
2018-11-19,42,179,107
2018-11-20,43,184,104
2018-11-21,44,165,101
2018-11-22,40,182,110
2018-11-23,44,182,105
2018-11-24,38,152,102
2018-11-25,37,155,101
2018-11-26,38,162,97
2018-11-27,42,178,108
2018-11-28,46,157,105
2018-11-29,40,166,99
2018-11-30,39,181,106
2018-12-01,43,185,100
2018-12-02,42,173,109
2018-12-03,51,211,127
2018-12-04,49,221,131
2018-12-05,55,211,135
2018-12-06,52,224,138
2018-12-07,55,222,136
2018-12-08,46,212,122
2018-12-09,51,198,119
2018-12-10,52,230,132
2018-12-11,56,225,128
2018-12-12,54,224,139
2018-12-13,54,241,141
2018-12-14,57,243,147
2018-12-15,51,210,121
2018-12-16,50,212,130
2018-12-17,55,238,138
2018-12-18,57,243,143
2018-12-19,58,237,142
2018-12-20,56,239,148
2018-12-21,57,231,150
2018-12-22,53,212,130
2018-12-23,54,236,131
2018-12-24,61,255,145
2018-12-25,59,242,148
2018-12-26,60,255,155
2018-12-27,59,239,150
2018-12-28,59,247,146
2018-12-29,53,227,132
2018-12-30,51,213,129
2018-12-31,60,235,142
2019-01-01,62,268,165
2019-01-02,66,274,164
2019-01-03,64,290,172
2019-01-04,73,296,179
2019-01-05,66,285,166
2019-01-06,74,293,169
2019-01-07,77,319,185
2019-01-08,84,342,205
2019-01-09,82,334,203
2019-01-10,85,339,197
2019-01-11,84,352,212
2019-01-12,80,330,197
2019-01-13,82,322,201
2019-01-14,90,362,216
2019-01-15,89,371,228
2019-01-16,90,373,224
2019-01-17,93,380,227
2019-01-18,91,390,226
2019-01-19,87,353,211
2019-01-20,87,337,205
2019-01-21,87,378,230
2019-01-22,92,379,222
2019-01-23,89,363,232
2019-01-24,90,370,229
2019-01-25,89,382,227
2019-01-26,84,343,200
2019-01-27,83,351,206
2019-01-28,93,373,227
2019-01-29,89,381,226
2019-01-30,92,384,229
2019-01-31,92,375,229
2019-02-01,89,372,223
2019-02-02,81,336,206
2019-02-03,83,336,206
2019-02-04,94,383,233
2019-02-05,94,394,229
2019-02-06,91,369,236
2019-02-07,97,389,234
2019-02-08,93,397,242
2019-02-09,83,361,214
2019-02-10,84,351,208
2019-02-11,91,378,231
2019-02-12,92,382,223
2019-02-13,91,388,230
2019-02-14,94,395,235
2019-02-15,92,381,220
2019-02-16,83,347,211
2019-02-17,83,347,202
2019-02-18,89,382,234
2019-02-19,91,383,232
2019-02-20,89,381,224
2019-02-21,93,380,229
2019-02-22,89,382,235
2019-02-23,79,336,204
2019-02-24,80,325,186
2019-02-25,88,361,207
2019-02-26,84,365,219
2019-02-27,89,363,219
2019-02-28,89,378,219
2019-03-01,78,338,199
2019-03-02,70,278,169
2019-03-03,61,261,151
2019-03-04,64,263,166
2019-03-05,63,248,160
2019-03-06,65,250,147
2019-03-07,63,231,144
2019-03-08,56,239,140
2019-03-09,47,195,119
2019-03-10,45,195,114
2019-03-11,47,216,123
2019-03-12,47,206,125
2019-03-13,45,204,117
2019-03-14,50,198,115
2019-03-15,44,190,117
2019-03-16,41,171,104
2019-03-17,40,168,94
2019-03-18,47,191,110
2019-03-19,49,187,108
2019-03-20,45,181,109
2019-03-21,41,178,104
2019-03-22,44,169,107
2019-03-23,43,159,96
2019-03-24,38,156,89
2019-03-25,44,184,110
2019-03-26,44,186,115
2019-03-27,44,183,110
2019-03-28,46,197,111
2019-03-29,46,193,110
2019-03-30,41,160,94
2019-03-31,41,165,101
2019-04-01,44,178,110
2019-04-02,41,191,104
2019-04-03,43,173,110
2019-04-04,43,180,113
2019-04-05,44,186,106
2019-04-06,37,165,98
2019-04-07,39,159,96
2019-04-08,39,189,106
2019-04-09,44,172,108
2019-04-10,40,181,106
2019-04-11,44,189,106
2019-04-12,42,184,117
2019-04-13,40,171,100
2019-04-14,44,158,102
2019-04-15,41,169,111
2019-04-16,44,180,109
2019-04-17,49,178,110
2019-04-18,41,179,106
2019-04-19,42,189,112
2019-04-20,39,149,96
2019-04-21,44,161,102
2019-04-22,45,179,103
2019-04-23,38,185,105
2019-04-24,44,172,107
2019-04-25,42,176,100
2019-04-26,45,173,99
2019-04-27,39,162,98
2019-04-28,42,161,97
2019-04-29,40,182,107
2019-04-30,43,172,116
2019-05-01,41,177,110
2019-05-02,41,171,100
2019-05-03,44,173,118
2019-05-04,37,157,95
2019-05-05,39,160,100
2019-05-06,39,162,95
2019-05-07,37,168,102
2019-05-08,41,183,110
2019-05-09,42,168,105
2019-05-10,43,180,108
2019-05-11,39,165,98
2019-05-12,40,167,95
2019-05-13,46,177,103
2019-05-14,45,179,111
2019-05-15,39,189,111
2019-05-16,41,174,117
2019-05-17,42,178,101
2019-05-18,39,163,101
2019-05-19,36,153,99
2019-05-20,44,167,110
2019-05-21,43,185,107
2019-05-22,37,174,109
2019-05-23,42,181,109
2019-05-24,39,197,109
2019-05-25,42,170,107
2019-05-26,41,167,98
2019-05-27,45,171,112
2019-05-28,41,189,110
2019-05-29,45,181,102
2019-05-30,41,183,108
2019-05-31,47,189,108
2019-06-01,38,167,90
2019-06-02,42,166,103
2019-06-03,38,181,113
2019-06-04,39,179,105
2019-06-05,39,180,110
2019-06-06,42,186,101
2019-06-07,39,177,106
2019-06-08,36,162,96
2019-06-09,40,159,98
2019-06-10,43,193,105
2019-06-11,49,185,106
2019-06-12,47,187,115
2019-06-13,48,191,111
2019-06-14,48,190,117
2019-06-15,36,172,99
2019-06-16,43,170,101
2019-06-17,44,173,114
2019-06-18,47,182,114
2019-06-19,42,177,109
2019-06-20,45,181,112
2019-06-21,45,177,112
2019-06-22,40,162,101
2019-06-23,35,158,89
2019-06-24,37,161,95
2019-06-25,40,171,106
2019-06-26,40,160,106
2019-06-27,39,171,104
2019-06-28,42,179,105
2019-06-29,36,171,96
2019-06-30,37,163,95
2019-07-01,37,165,89
2019-07-02,36,154,96
2019-07-03,34,141,89
2019-07-04,33,150,94
2019-07-05,37,152,96
2019-07-06,37,136,91
2019-07-07,36,149,91
2019-07-08,43,159,97
2019-07-09,39,168,107
2019-07-10,37,162,106
2019-07-11,43,167,105
2019-07-12,41,178,102
2019-07-13,39,170,95
2019-07-14,38,163,94
2019-07-15,46,175,103
2019-07-16,41,183,109
2019-07-17,41,179,99
2019-07-18,43,180,113
2019-07-19,43,176,107
2019-07-20,37,174,106
2019-07-21,41,175,101
2019-07-22,44,181,109
2019-07-23,41,185,110
2019-07-24,47,188,112
2019-07-25,44,192,118
2019-07-26,44,194,117
2019-07-27,41,175,108
2019-07-28,40,179,103
2019-07-29,49,208,113
2019-07-30,48,189,120
2019-07-31,44,195,112
2019-08-01,46,187,119
2019-08-02,45,198,116
2019-08-03,41,172,100
2019-08-04,41,177,97
2019-08-05,45,185,102
2019-08-06,38,171,99
2019-08-07,42,161,93
2019-08-08,36,164,92
2019-08-09,38,162,92
2019-08-10,33,136,85
2019-08-11,33,130,79
2019-08-12,33,133,86
2019-08-13,38,139,84
2019-08-14,33,147,87
2019-08-15,35,141,88
2019-08-16,32,147,91
2019-08-17,29,121,84
2019-08-18,29,134,76
2019-08-19,33,141,80
2019-08-20,34,139,79
2019-08-21,35,142,86
2019-08-22,33,157,92
2019-08-23,37,142,80
2019-08-24,35,129,74
2019-08-25,31,132,75
2019-08-26,35,143,77
2019-08-27,31,142,71
2019-08-28,33,129,80
2019-08-29,32,134,80
2019-08-30,32,156,93
2019-08-31,28,134,73
2019-09-01,34,138,81
2019-09-02,40,160,94
2019-09-03,38,164,95
2019-09-04,42,168,104
2019-09-05,46,188,109
2019-09-06,43,190,109
2019-09-07,39,156,100
2019-09-08,41,161,100
2019-09-09,42,178,98
2019-09-10,44,189,108
2019-09-11,44,176,110
2019-09-12,42,172,112
2019-09-13,45,177,111
2019-09-14,41,170,93
2019-09-15,41,157,95
2019-09-16,47,177,104
2019-09-17,38,187,102
2019-09-18,40,175,112
2019-09-19,44,176,108
2019-09-20,41,177,106
2019-09-21,41,169,100
2019-09-22,39,171,100
2019-09-23,41,179,109
2019-09-24,46,182,105
2019-09-25,43,181,109
2019-09-26,46,189,107
2019-09-27,42,175,111
2019-09-28,43,167,100
2019-09-29,42,166,99
2019-09-30,39,178,101
2019-10-01,40,173,103
2019-10-02,41,165,108
2019-10-03,45,166,110
2019-10-04,42,186,108
2019-10-05,40,164,104
2019-10-06,36,165,101
2019-10-07,46,198,108
2019-10-08,48,191,120
2019-10-09,45,185,118
2019-10-10,44,178,110
2019-10-11,46,194,112
2019-10-12,43,159,98
2019-10-13,38,162,98
2019-10-14,45,180,110
2019-10-15,45,182,112
2019-10-16,44,185,112
2019-10-17,44,180,115
2019-10-18,43,184,124
2019-10-19,39,161,104
2019-10-20,36,165,108
2019-10-21,39,163,99
2019-10-22,45,188,107
2019-10-23,46,195,119
2019-10-24,44,173,109
2019-10-25,45,190,114
2019-10-26,43,179,102
2019-10-27,42,167,99
2019-10-28,44,177,114
2019-10-29,39,173,105
2019-10-30,45,192,110
2019-10-31,42,190,114
2019-11-01,41,186,106
2019-11-02,39,161,103
2019-11-03,39,156,102
2019-11-04,40,179,103
2019-11-05,40,171,103
2019-11-06,44,172,105
2019-11-07,43,185,112
2019-11-08,45,176,113
2019-11-09,41,163,95
2019-11-10,41,163,95
2019-11-11,39,168,109
2019-11-12,43,174,108
2019-11-13,41,188,113
2019-11-14,42,176,97
2019-11-15,41,175,110
2019-11-16,39,158,98
2019-11-17,40,166,90
2019-11-18,42,166,108
2019-11-19,42,162,97
2019-11-20,40,158,104
2019-11-21,42,185,103
2019-11-22,42,173,105
2019-11-23,38,172,97
2019-11-24,39,157,91
2019-11-25,43,183,103
2019-11-26,45,175,106
2019-11-27,44,174,107
2019-11-28,43,184,100
2019-11-29,40,186,113
2019-11-30,38,163,100
2019-12-01,46,173,107
2019-12-02,51,218,138
2019-12-03,53,215,135
2019-12-04,59,235,137
2019-12-05,61,251,144
2019-12-06,59,249,150
2019-12-07,54,223,140
2019-12-08,49,217,123
2019-12-09,58,232,145
2019-12-10,59,234,150
2019-12-11,61,245,140
2019-12-12,56,235,137
2019-12-13,61,241,133
2019-12-14,54,219,132
2019-12-15,52,223,135
2019-12-16,58,237,143
2019-12-17,56,230,143
2019-12-18,59,250,149
2019-12-19,56,242,138
2019-12-20,58,234,138
2019-12-21,52,198,122
2019-12-22,50,209,124
2019-12-23,52,227,140
2019-12-24,59,241,149
2019-12-25,61,247,150
2019-12-26,56,245,152
2019-12-27,60,254,146
2019-12-28,56,223,140
2019-12-29,52,222,137
2019-12-30,55,232,143
2019-12-31,56,227,149
2020-01-01,59,252,155
2020-01-02,64,267,165
2020-01-03,64,279,169
2020-01-04,61,248,161
2020-01-05,64,276,159
2020-01-06,71,306,182
2020-01-07,73,321,185
2020-01-08,76,339,196
2020-01-09,81,333,213
2020-01-10,82,353,215
2020-01-11,78,323,187
2020-01-12,75,322,189
2020-01-13,86,360,217
2020-01-14,85,377,221
2020-01-15,87,367,226
2020-01-16,85,363,209
2020-01-17,90,376,224
2020-01-18,81,330,207
2020-01-19,84,336,205
2020-01-20,85,372,220
2020-01-21,87,365,220
2020-01-22,89,360,219
2020-01-23,89,365,230
2020-01-24,88,371,221
2020-01-25,86,346,202
2020-01-26,83,340,204
2020-01-27,89,368,225
2020-01-28,89,387,221
2020-01-29,96,385,233
2020-01-30,93,378,232
2020-01-31,88,384,229
2020-02-01,84,360,219
2020-02-02,87,356,210
2020-02-03,92,383,233
2020-02-04,96,392,231
2020-02-05,95,396,238
2020-02-06,96,401,238
2020-02-07,95,395,234
2020-02-08,83,344,210
2020-02-09,85,345,209
2020-02-10,92,384,224
2020-02-11,95,395,229
2020-02-12,92,396,233
2020-02-13,89,382,233
2020-02-14,91,388,235
2020-02-15,89,358,220
2020-02-16,87,361,212
2020-02-17,86,379,230
2020-02-18,92,396,235
2020-02-19,92,386,229
2020-02-20,87,380,235
2020-02-21,91,384,227
2020-02-22,89,365,210
2020-02-23,85,349,214
2020-02-24,96,400,238
2020-02-25,100,384,227
2020-02-26,93,382,229
2020-02-27,91,383,229
2020-02-28,96,392,236
2020-02-29,87,352,213
2020-03-01,76,303,180
2020-03-02,82,342,212
2020-03-03,81,341,201
2020-03-04,79,338,188
2020-03-05,78,335,194
2020-03-06,79,313,190
2020-03-07,69,275,168
2020-03-08,66,287,173
2020-03-09,73,307,180
2020-03-10,75,301,181
2020-03-11,73,309,181
2020-03-12,77,304,182
2020-03-13,75,307,183
2020-03-14,68,273,165
2020-03-15,68,280,169
2020-03-16,71,304,174
2020-03-17,68,278,182
2020-03-18,70,298,176
2020-03-19,74,302,177
2020-03-20,75,300,182
2020-03-21,60,260,162
2020-03-22,62,264,164
2020-03-23,72,318,191
2020-03-24,71,305,184
2020-03-25,71,291,180
2020-03-26,71,296,181
2020-03-27,71,294,181
2020-03-28,67,270,170
2020-03-29,62,269,162
2020-03-30,68,287,181
2020-03-31,68,306,177
2020-04-01,71,297,186
2020-04-02,67,279,168
2020-04-03,68,274,170
2020-04-04,65,259,154
2020-04-05,61,266,153
2020-04-06,73,300,174
2020-04-07,69,293,177
2020-04-08,69,290,171
2020-04-09,71,296,170
2020-04-10,71,290,175
2020-04-11,67,272,165
2020-04-12,62,275,164
2020-04-13,69,290,176
2020-04-14,68,281,181
2020-04-15,68,288,177
2020-04-16,76,280,174
2020-04-17,67,282,168
2020-04-18,61,262,152
2020-04-19,64,258,157
2020-04-20,67,282,172
2020-04-21,68,292,173
2020-04-22,70,286,184
2020-04-23,70,305,183
2020-04-24,71,298,193
2020-04-25,71,282,170
2020-04-26,64,275,161
2020-04-27,67,290,179
2020-04-28,69,297,174
2020-04-29,71,309,183
2020-04-30,74,316,188
2020-05-01,75,300,180
2020-05-02,62,268,166
2020-05-03,64,261,146
2020-05-04,66,253,162
2020-05-05,60,256,146
2020-05-06,60,231,141
2020-05-07,54,222,140
2020-05-08,58,243,136
2020-05-09,50,202,122
2020-05-10,47,198,120
2020-05-11,49,208,125
2020-05-12,51,200,123
2020-05-13,53,211,128
2020-05-14,49,208,127
2020-05-15,52,191,116
2020-05-16,46,180,107
2020-05-17,40,175,101
2020-05-18,50,190,114
2020-05-19,47,197,119
2020-05-20,47,183,111
2020-05-21,46,183,112
2020-05-22,45,189,103
2020-05-23,40,160,100
2020-05-24,39,167,100
2020-05-25,45,186,108
2020-05-26,43,184,110
2020-05-27,42,182,108
2020-05-28,42,190,110
2020-05-29,49,176,109
2020-05-30,40,175,103
2020-05-31,40,157,93
2020-06-01,45,178,109
2020-06-02,45,178,117
2020-06-03,47,175,107
2020-06-04,40,180,114
2020-06-05,44,189,106
2020-06-06,43,169,104
2020-06-07,40,158,95
2020-06-08,45,183,113
2020-06-09,44,180,100
2020-06-10,43,180,116
2020-06-11,47,198,115
2020-06-12,43,186,112
2020-06-13,40,170,103
2020-06-14,44,157,107
2020-06-15,43,179,117
2020-06-16,46,193,115
2020-06-17,48,187,109
2020-06-18,44,188,105
2020-06-19,43,181,101
2020-06-20,40,154,99
2020-06-21,41,159,104
2020-06-22,39,184,109
2020-06-23,39,195,107
2020-06-24,40,167,104
2020-06-25,42,177,104
2020-06-26,45,182,103
2020-06-27,39,150,100
2020-06-28,37,162,102
2020-06-29,42,188,107
2020-06-30,47,180,106
2020-07-01,40,160,94
2020-07-02,37,160,101
2020-07-03,35,161,99
2020-07-04,35,153,87
2020-07-05,34,146,86
2020-07-06,37,162,93
2020-07-07,37,157,102
2020-07-08,34,169,100
2020-07-09,37,172,104
2020-07-10,44,161,111
2020-07-11,38,168,101
2020-07-12,36,163,94
2020-07-13,36,176,98
2020-07-14,40,170,105
2020-07-15,41,176,98
2020-07-16,41,178,115
2020-07-17,43,187,109
2020-07-18,38,159,96
2020-07-19,40,169,98
2020-07-20,44,168,103
2020-07-21,42,182,106
2020-07-22,45,176,109
2020-07-23,45,168,117
2020-07-24,43,169,109
2020-07-25,40,168,105
2020-07-26,42,169,102
2020-07-27,44,195,105
2020-07-28,46,189,117
2020-07-29,44,181,115
2020-07-30,48,205,113
2020-07-31,50,213,118
2020-08-01,40,174,106
2020-08-02,41,164,107
2020-08-03,40,166,111
2020-08-04,38,176,119
2020-08-05,42,168,104
2020-08-06,40,170,104
2020-08-07,38,178,102
2020-08-08,38,147,95
2020-08-09,34,146,83
2020-08-10,35,159,91
2020-08-11,36,153,97
2020-08-12,35,151,91
2020-08-13,31,138,89
2020-08-14,33,152,91
2020-08-15,32,139,76
2020-08-16,31,121,85
2020-08-17,37,138,84
2020-08-18,36,138,81
2020-08-19,35,141,85
2020-08-20,32,129,84
2020-08-21,36,140,90
2020-08-22,30,123,77
2020-08-23,31,132,74
2020-08-24,35,148,81
2020-08-25,34,125,83
2020-08-26,33,136,78
2020-08-27,25,124,74
2020-08-28,28,127,74
2020-08-29,27,112,68
2020-08-30,31,114,69
2020-08-31,30,133,80
2020-09-01,31,162,99
2020-09-02,38,163,99
2020-09-03,40,176,97
2020-09-04,40,186,103
2020-09-05,40,160,87
2020-09-06,38,152,90
2020-09-07,41,173,105
2020-09-08,43,171,95
2020-09-09,40,190,106
2020-09-10,47,184,107
2020-09-11,43,175,98
2020-09-12,38,164,91
2020-09-13,38,161,90
2020-09-14,40,164,99
2020-09-15,39,168,110
2020-09-16,41,180,105
2020-09-17,46,191,114
2020-09-18,44,179,104
2020-09-19,43,156,99
2020-09-20,39,152,97
2020-09-21,43,185,103
2020-09-22,41,180,110
2020-09-23,45,187,106
2020-09-24,45,195,112
2020-09-25,45,188,112
2020-09-26,41,166,97
2020-09-27,38,165,101
2020-09-28,43,185,112
2020-09-29,46,192,111
2020-09-30,42,184,112
2020-10-01,44,206,119
2020-10-02,53,224,127
2020-10-03,50,201,120
2020-10-04,50,225,127
2020-10-05,61,235,153
2020-10-06,64,260,155
2020-10-07,64,277,151
2020-10-08,66,265,162
2020-10-09,66,274,166
2020-10-10,59,263,147
2020-10-11,62,253,148
2020-10-12,69,274,170
2020-10-13,67,295,172
2020-10-14,70,297,174
2020-10-15,70,284,179
2020-10-16,75,314,178
2020-10-17,65,255,166
2020-10-18,64,257,161
2020-10-19,68,283,173
2020-10-20,66,291,167
2020-10-21,67,283,176
2020-10-22,70,287,174
2020-10-23,71,289,173
2020-10-24,69,264,160
2020-10-25,61,255,157
2020-10-26,69,277,162
2020-10-27,70,282,176
2020-10-28,64,288,180
2020-10-29,69,287,174
2020-10-30,69,289,173
2020-10-31,63,276,163
2020-11-01,65,274,160
2020-11-02,70,294,178
2020-11-03,71,302,181
2020-11-04,77,288,182
2020-11-05,78,310,189
2020-11-06,76,310,179
2020-11-07,68,275,165
2020-11-08,63,279,171
2020-11-09,71,291,171
2020-11-10,72,307,177
2020-11-11,67,302,183
2020-11-12,69,303,183
2020-11-13,73,298,186
2020-11-14,65,264,156
2020-11-15,68,276,164
2020-11-16,70,292,173
2020-11-17,72,289,178
2020-11-18,72,306,181
2020-11-19,76,318,190
2020-11-20,77,315,185
2020-11-21,70,296,173
2020-11-22,72,276,166
2020-11-23,77,316,194
2020-11-24,75,308,187
2020-11-25,73,308,193
2020-11-26,77,316,182
2020-11-27,74,303,191
2020-11-28,66,273,168
2020-11-29,67,291,167
2020-11-30,70,290,181
2020-12-01,80,329,207
2020-12-02,84,342,211
2020-12-03,85,344,205
2020-12-04,87,358,214
2020-12-05,76,329,192
2020-12-06,78,337,194
2020-12-07,86,364,226
2020-12-08,89,368,219
2020-12-09,91,372,227
2020-12-10,91,380,228
2020-12-11,91,380,229
2020-12-12,76,344,208
2020-12-13,85,337,207
2020-12-14,94,371,229
2020-12-15,91,383,228
2020-12-16,91,404,236
2020-12-17,96,394,228
2020-12-18,96,402,234
2020-12-19,89,367,225
2020-12-20,87,358,218
2020-12-21,98,387,231
2020-12-22,97,401,242
2020-12-23,100,407,238
2020-12-24,103,407,244
2020-12-25,103,416,251
2020-12-26,93,391,229
2020-12-27,94,366,230
2020-12-28,98,422,249
2020-12-29,99,423,255
2020-12-30,101,409,247
2020-12-31,100,414,252
2021-01-01,94,412,245
2021-01-02,85,356,215
2021-01-03,77,349,208
2021-01-04,95,385,233
2021-01-05,98,401,241
2021-01-06,93,396,235
2021-01-07,93,390,230
2021-01-08,97,389,237
2021-01-09,86,352,202
2021-01-10,82,344,207
2021-01-11,88,372,230
2021-01-12,89,374,232
2021-01-13,89,367,219
2021-01-14,93,375,229
2021-01-15,92,387,230
2021-01-16,80,347,203
2021-01-17,79,339,210
2021-01-18,90,372,230
2021-01-19,87,366,218
2021-01-20,89,370,227
2021-01-21,88,361,218
2021-01-22,89,359,232
2021-01-23,82,339,205
2021-01-24,80,329,195
2021-01-25,89,367,216
2021-01-26,91,369,223
2021-01-27,93,376,227
2021-01-28,92,374,227
2021-01-29,91,374,237
2021-01-30,78,330,208
2021-01-31,80,322,199
2021-02-01,88,353,223
2021-02-02,83,363,220
2021-02-03,91,370,222
2021-02-04,91,380,227
2021-02-05,91,366,222
2021-02-06,80,338,208
2021-02-07,82,357,205
2021-02-08,89,372,220
2021-02-09,88,373,220
2021-02-10,85,354,214
2021-02-11,88,375,215
2021-02-12,86,362,209
2021-02-13,78,328,196
2021-02-14,80,331,197
2021-02-15,89,376,226
2021-02-16,84,369,218
2021-02-17,90,371,225
2021-02-18,90,372,222
2021-02-19,93,391,236
2021-02-20,85,345,210
2021-02-21,84,348,205
2021-02-22,89,376,220
2021-02-23,90,380,228
2021-02-24,91,382,225
2021-02-25,92,378,226
2021-02-26,89,374,223
2021-02-27,83,337,210
2021-02-28,86,339,207
2021-03-01,80,336,211
2021-03-02,80,338,204
2021-03-03,78,327,195
2021-03-04,77,311,199
2021-03-05,80,317,184
2021-03-06,67,284,168
2021-03-07,67,279,160
2021-03-08,72,304,185
2021-03-09,76,288,187
2021-03-10,69,286,175
2021-03-11,69,294,170
2021-03-12,69,298,174
2021-03-13,65,271,166
2021-03-14,60,269,158
2021-03-15,72,305,175
2021-03-16,69,284,175
2021-03-17,75,300,175
2021-03-18,71,290,175
2021-03-19,75,301,189
2021-03-20,67,280,167
2021-03-21,69,287,171
2021-03-22,73,298,182
2021-03-23,72,303,181
2021-03-24,71,295,181
2021-03-25,76,313,178
2021-03-26,76,303,186
2021-03-27,65,279,168
2021-03-28,62,273,167
2021-03-29,70,300,175
2021-03-30,72,278,185
2021-03-31,75,298,172
2021-04-01,72,288,180
2021-04-02,73,296,186
2021-04-03,67,279,164
2021-04-04,62,277,161
2021-04-05,67,297,182
2021-04-06,69,299,172
2021-04-07,66,275,174
2021-04-08,66,287,167
2021-04-09,68,293,171
2021-04-10,61,266,162
2021-04-11,64,256,154
2021-04-12,69,291,169
2021-04-13,73,298,172
2021-04-14,72,304,184
2021-04-15,78,311,182
2021-04-16,75,307,187
2021-04-17,68,287,168
2021-04-18,70,282,163
2021-04-19,78,307,180
2021-04-20,77,320,184
2021-04-21,73,306,187
2021-04-22,77,314,187
2021-04-23,78,310,191
2021-04-24,67,283,168
2021-04-25,66,273,170
2021-04-26,70,293,187
2021-04-27,73,282,175
2021-04-28,68,294,167
2021-04-29,72,293,180
2021-04-30,69,302,179
2021-05-01,66,273,162
2021-05-02,60,264,145
2021-05-03,60,260,165
2021-05-04,60,249,144
2021-05-05,59,242,145
2021-05-06,54,226,133
2021-05-07,53,214,128
2021-05-08,47,194,116
2021-05-09,48,197,117
2021-05-10,51,205,127
2021-05-11,50,196,127
2021-05-12,47,203,126
2021-05-13,49,198,117
2021-05-14,48,197,113
2021-05-15,39,157,102
2021-05-16,39,171,100
2021-05-17,46,177,113
2021-05-18,41,182,100
2021-05-19,44,169,108
2021-05-20,45,181,106
2021-05-21,46,183,108
2021-05-22,40,183,105
2021-05-23,42,167,99
2021-05-24,39,178,107
2021-05-25,40,177,103
2021-05-26,43,186,113
2021-05-27,44,174,100
2021-05-28,39,171,104
2021-05-29,38,154,97
2021-05-30,37,155,98
2021-05-31,40,178,105
2021-06-01,41,179,108
2021-06-02,40,175,107
2021-06-03,42,180,107
2021-06-04,45,164,104
2021-06-05,35,159,87
2021-06-06,38,150,89
2021-06-07,38,168,107
2021-06-08,42,179,112
2021-06-09,44,176,110
2021-06-10,42,178,103
2021-06-11,46,180,110
2021-06-12,38,169,97
2021-06-13,38,166,100
2021-06-14,43,170,120
2021-06-15,47,187,106
2021-06-16,43,179,114
2021-06-17,45,180,109
2021-06-18,47,196,118
2021-06-19,42,169,89
2021-06-20,42,171,103
2021-06-21,44,176,113
2021-06-22,45,184,112
2021-06-23,44,178,108
2021-06-24,45,187,116
2021-06-25,45,195,118
2021-06-26,41,147,107
2021-06-27,38,158,96
2021-06-28,41,178,98
2021-06-29,39,176,107
2021-06-30,43,168,100
2021-07-01,35,153,97
2021-07-02,33,154,88
2021-07-03,31,147,87
2021-07-04,35,149,84
2021-07-05,38,173,95
2021-07-06,41,165,91
2021-07-07,37,169,107
2021-07-08,44,181,101
2021-07-09,46,172,108
2021-07-10,40,164,105
2021-07-11,39,159,100
2021-07-12,43,203,112
2021-07-13,43,176,102
2021-07-14,43,188,118
2021-07-15,47,189,111
2021-07-16,46,188,122
2021-07-17,41,174,96
2021-07-18,40,172,96
2021-07-19,43,192,107
2021-07-20,46,179,108
2021-07-21,42,188,121
2021-07-22,47,184,118
2021-07-23,45,200,118
2021-07-24,35,166,107
2021-07-25,41,161,98
2021-07-26,40,182,119
2021-07-27,46,197,114
2021-07-28,47,197,113
2021-07-29,45,196,120
2021-07-30,44,185,114
2021-07-31,45,185,102
2021-08-01,45,167,102
2021-08-02,42,198,110
2021-08-03,41,184,111
2021-08-04,43,184,104
2021-08-05,41,161,98
2021-08-06,44,179,102
2021-08-07,39,149,89
2021-08-08,34,142,85
2021-08-09,38,151,93
2021-08-10,38,153,86
2021-08-11,33,148,88
2021-08-12,36,148,99
2021-08-13,33,136,90
2021-08-14,30,130,79
2021-08-15,33,120,75
2021-08-16,35,147,94
2021-08-17,37,144,83
2021-08-18,35,147,93
2021-08-19,37,146,90
2021-08-20,38,155,94
2021-08-21,33,145,82
2021-08-22,31,125,79
2021-08-23,31,146,88
2021-08-24,32,141,91
2021-08-25,36,147,89
2021-08-26,35,153,88
2021-08-27,31,153,88
2021-08-28,30,123,80
2021-08-29,30,136,75
2021-08-30,31,143,86
2021-08-31,33,141,82
2021-09-01,38,164,97
2021-09-02,39,172,89
2021-09-03,44,155,97
2021-09-04,36,148,93
2021-09-05,33,149,86
2021-09-06,41,170,103
2021-09-07,40,169,105
2021-09-08,44,172,102
2021-09-09,44,180,111
2021-09-10,43,175,110
2021-09-11,38,165,97
2021-09-12,40,159,97
2021-09-13,41,171,102
2021-09-14,42,166,108
2021-09-15,41,165,104
2021-09-16,40,180,114
2021-09-17,40,173,96
2021-09-18,38,148,90
2021-09-19,33,153,93
2021-09-20,41,164,108
2021-09-21,40,159,105
2021-09-22,40,181,103
2021-09-23,44,187,102
2021-09-24,43,183,116
2021-09-25,39,164,103
2021-09-26,38,164,92
2021-09-27,47,169,105
2021-09-28,42,187,100
2021-09-29,45,174,103
2021-09-30,39,176,100
2021-10-01,48,182,112
2021-10-02,42,174,111
2021-10-03,48,202,109
2021-10-04,55,235,130
2021-10-05,60,233,135
2021-10-06,58,250,143
2021-10-07,60,260,154
2021-10-08,63,259,156
2021-10-09,57,243,141
2021-10-10,60,235,148
2021-10-11,63,267,157
2021-10-12,62,257,156
2021-10-13,67,283,173
2021-10-14,68,281,166
2021-10-15,70,296,178
2021-10-16,65,268,166
2021-10-17,64,266,156
2021-10-18,67,285,174
2021-10-19,71,306,177
2021-10-20,75,299,179
2021-10-21,70,298,184
2021-10-22,73,308,182
2021-10-23,66,292,167
2021-10-24,68,272,168
2021-10-25,74,301,171
2021-10-26,73,313,186
2021-10-27,75,298,182
2021-10-28,75,311,190
2021-10-29,75,316,188
2021-10-30,64,263,168
2021-10-31,65,266,155
2021-11-01,72,294,180
2021-11-02,77,290,179
2021-11-03,73,315,177
2021-11-04,80,317,190
2021-11-05,75,312,193
2021-11-06,65,282,166
2021-11-07,64,289,166
2021-11-08,73,307,175
2021-11-09,75,283,176
2021-11-10,71,302,180
2021-11-11,71,296,174
2021-11-12,69,306,183
2021-11-13,69,270,167
2021-11-14,64,275,165
2021-11-15,71,290,179
2021-11-16,71,287,169
2021-11-17,70,303,181
2021-11-18,66,279,177
2021-11-19,68,294,172
2021-11-20,67,261,164
2021-11-21,63,263,149
2021-11-22,63,280,170
2021-11-23,67,282,175
2021-11-24,72,294,180
2021-11-25,70,301,188
2021-11-26,71,297,187
2021-11-27,62,276,170
2021-11-28,64,275,158
2021-11-29,72,307,186
2021-11-30,76,319,185
2021-12-01,85,341,209
2021-12-02,85,355,213
2021-12-03,83,351,215
2021-12-04,77,341,205
2021-12-05,81,327,206
2021-12-06,94,375,227
2021-12-07,91,382,227
2021-12-08,92,389,239
2021-12-09,92,396,233
2021-12-10,100,399,236
2021-12-11,89,378,223
2021-12-12,88,366,224
2021-12-13,92,391,233
2021-12-14,92,392,241
2021-12-15,96,401,239
2021-12-16,96,389,235
2021-12-17,95,396,238
2021-12-18,87,360,230
2021-12-19,88,360,213
2021-12-20,93,389,235
2021-12-21,90,380,231
2021-12-22,95,394,243
2021-12-23,92,390,243
2021-12-24,96,403,247
2021-12-25,87,366,219
2021-12-26,83,362,222
2021-12-27,95,397,234
2021-12-28,93,401,234
2021-12-29,95,394,242
2021-12-30,96,384,231
2021-12-31,96,396,236
2022-01-01,89,365,219
2022-01-02,87,353,219
2022-01-03,91,390,237
2022-01-04,91,388,239
2022-01-05,96,388,231
2022-01-06,96,400,231
2022-01-07,91,392,237
2022-01-08,84,357,209
2022-01-09,79,344,208
2022-01-10,91,374,221
2022-01-11,90,384,232
2022-01-12,94,377,224
2022-01-13,93,388,232
2022-01-14,87,376,228
2022-01-15,84,350,208
2022-01-16,82,340,207
2022-01-17,91,377,225
2022-01-18,91,381,228
2022-01-19,91,385,227
2022-01-20,89,382,220
2022-01-21,87,375,226
2022-01-22,79,338,202
2022-01-23,80,344,206
2022-01-24,91,374,221
2022-01-25,96,394,231
2022-01-26,96,393,235
2022-01-27,95,388,234
2022-01-28,95,390,239
2022-01-29,89,351,207
2022-01-30,80,348,207
2022-01-31,92,384,224
2022-02-01,89,387,232
2022-02-02,95,389,241
2022-02-03,98,400,236
2022-02-04,94,381,238
2022-02-05,84,341,210
2022-02-06,85,347,208
2022-02-07,88,382,224
2022-02-08,86,375,230
2022-02-09,90,390,229
2022-02-10,93,382,230
2022-02-11,93,388,236
2022-02-12,82,343,205
2022-02-13,87,348,208
2022-02-14,88,379,225
2022-02-15,90,365,223
2022-02-16,90,373,229
2022-02-17,86,373,225
2022-02-18,87,364,220
2022-02-19,81,334,203
2022-02-20,83,328,192
2022-02-21,89,374,220
2022-02-22,86,365,215
2022-02-23,91,366,223
2022-02-24,88,375,223
2022-02-25,89,370,218
2022-02-26,82,337,199
2022-02-27,84,333,197
2022-02-28,90,375,218
2022-03-01,76,309,188
2022-03-02,72,305,183
2022-03-03,70,288,167
2022-03-04,63,268,162
2022-03-05,59,228,140
2022-03-06,55,220,135
2022-03-07,56,235,139
2022-03-08,54,212,131
2022-03-09,52,219,135
2022-03-10,48,212,119
2022-03-11,50,203,115
2022-03-12,43,177,109
2022-03-13,41,173,110
2022-03-14,46,196,114
2022-03-15,49,188,113
2022-03-16,49,188,121
2022-03-17,47,187,105
2022-03-18,46,191,119
2022-03-19,44,165,105
2022-03-20,40,168,99
2022-03-21,38,174,100
2022-03-22,42,181,106
2022-03-23,44,177,100
2022-03-24,37,175,104
2022-03-25,41,170,105
2022-03-26,38,165,97
2022-03-27,41,150,97
2022-03-28,42,177,102
2022-03-29,43,171,99
2022-03-30,42,174,107
2022-03-31,40,176,107
2022-04-01,43,188,111
2022-04-02,39,164,99
2022-04-03,39,147,94
2022-04-04,39,182,104
2022-04-05,42,181,107
2022-04-06,40,177,105
2022-04-07,40,178,108
2022-04-08,42,169,111
2022-04-09,38,160,97
2022-04-10,37,163,95
2022-04-11,40,178,110
2022-04-12,44,181,103
2022-04-13,40,190,117
2022-04-14,46,178,104
2022-04-15,42,172,109
2022-04-16,41,158,97
2022-04-17,40,154,102
2022-04-18,44,167,98
2022-04-19,43,170,98
2022-04-20,44,181,105
2022-04-21,40,170,107
2022-04-22,41,174,110
2022-04-23,41,175,96
2022-04-24,38,168,100
2022-04-25,47,184,116
2022-04-26,46,192,110
2022-04-27,45,193,119
2022-04-28,47,189,119
2022-04-29,41,179,115
2022-04-30,40,169,99
2022-05-01,39,155,98
2022-05-02,44,183,113
2022-05-03,44,184,104
2022-05-04,43,183,115
2022-05-05,42,186,109
2022-05-06,43,183,108
2022-05-07,39,156,99
2022-05-08,38,159,99
2022-05-09,45,182,112
2022-05-10,45,182,108
2022-05-11,44,186,115
2022-05-12,45,174,106
2022-05-13,42,176,106
2022-05-14,38,152,92
2022-05-15,38,156,88
2022-05-16,42,177,99
2022-05-17,44,174,111
2022-05-18,42,174,106
2022-05-19,45,184,111
2022-05-20,45,182,110
2022-05-21,36,168,99
2022-05-22,41,152,88
2022-05-23,43,178,101
2022-05-24,40,189,114
2022-05-25,39,182,118
2022-05-26,43,179,108
2022-05-27,41,170,112
2022-05-28,36,165,102
2022-05-29,36,157,102
2022-05-30,44,175,112
2022-05-31,45,180,103
2022-06-01,43,185,109
2022-06-02,44,168,100
2022-06-03,43,175,104
2022-06-04,35,159,95
2022-06-05,40,160,96
2022-06-06,45,172,110
2022-06-07,39,173,102
2022-06-08,45,181,109
2022-06-09,42,181,107
2022-06-10,45,177,115
2022-06-11,36,159,105
2022-06-12,38,152,97
2022-06-13,41,169,100
2022-06-14,48,174,97
2022-06-15,44,175,100
2022-06-16,39,176,102
2022-06-17,39,189,105
2022-06-18,43,174,96
2022-06-19,41,158,90
2022-06-20,42,179,104
2022-06-21,42,183,106
2022-06-22,40,177,105
2022-06-23,37,180,108
2022-06-24,43,183,104
2022-06-25,39,152,98
2022-06-26,42,153,93
2022-06-27,39,169,97
2022-06-28,41,174,104
2022-06-29,38,181,109
2022-06-30,45,181,108
2022-07-01,40,168,90
2022-07-02,36,140,84
2022-07-03,31,139,80
2022-07-04,36,147,90
2022-07-05,38,161,90
2022-07-06,36,163,93
2022-07-07,42,165,101
2022-07-08,42,163,97
2022-07-09,38,156,91
2022-07-10,41,156,95
2022-07-11,43,172,107
2022-07-12,46,184,109
2022-07-13,44,185,113
2022-07-14,46,184,113
2022-07-15,47,185,115
2022-07-16,37,176,107
2022-07-17,42,168,103
2022-07-18,48,195,112
2022-07-19,43,187,102
2022-07-20,44,192,114
2022-07-21,44,173,109
2022-07-22,42,180,104
2022-07-23,38,153,104
2022-07-24,38,164,98
2022-07-25,41,171,103
2022-07-26,41,181,104
2022-07-27,47,187,112
2022-07-28,44,193,109
2022-07-29,44,185,113
2022-07-30,42,168,100
2022-07-31,43,177,102
2022-08-01,42,189,117
2022-08-02,49,182,112
2022-08-03,44,194,112
2022-08-04,40,179,104
2022-08-05,38,162,107
2022-08-06,36,146,86
2022-08-07,35,146,88
2022-08-08,37,160,93
2022-08-09,35,151,85
2022-08-10,42,163,92
2022-08-11,37,154,101
2022-08-12,35,158,94
2022-08-13,35,136,75
2022-08-14,32,128,80
2022-08-15,39,142,88
2022-08-16,35,148,93
2022-08-17,35,151,87
2022-08-18,36,152,85
2022-08-19,36,145,91
2022-08-20,32,135,80
2022-08-21,32,138,84
2022-08-22,31,149,77
2022-08-23,33,141,86
2022-08-24,37,130,83
2022-08-25,29,139,84
2022-08-26,36,139,87
2022-08-27,31,122,69
2022-08-28,30,113,78
2022-08-29,31,139,77
2022-08-30,32,133,79
2022-08-31,31,134,75
2022-09-01,36,168,99
2022-09-02,41,182,102
2022-09-03,41,160,91
2022-09-04,41,163,94
2022-09-05,43,172,108
2022-09-06,38,174,112
2022-09-07,43,183,103
2022-09-08,48,190,109
2022-09-09,43,190,118
2022-09-10,42,178,95
2022-09-11,39,161,103
2022-09-12,45,183,114
2022-09-13,47,178,110
2022-09-14,46,183,108
2022-09-15,47,180,112
2022-09-16,44,176,111
2022-09-17,38,170,96
2022-09-18,40,164,93
2022-09-19,36,171,102
2022-09-20,40,161,96
2022-09-21,43,154,101
2022-09-22,38,163,98
2022-09-23,38,169,105
2022-09-24,37,151,86
2022-09-25,38,165,90
2022-09-26,40,165,99
2022-09-27,37,178,102
2022-09-28,40,184,104
2022-09-29,42,187,102
2022-09-30,40,181,112
2022-10-01,36,164,99
2022-10-02,34,163,99
2022-10-03,40,175,105
2022-10-04,41,168,99
2022-10-05,41,174,101
2022-10-06,37,179,104
2022-10-07,41,180,111
2022-10-08,33,163,91
2022-10-09,40,163,100
2022-10-10,41,163,103
2022-10-11,44,185,103
2022-10-12,45,176,109
2022-10-13,42,182,112
2022-10-14,41,177,109
2022-10-15,45,161,108
2022-10-16,43,161,96
2022-10-17,41,178,101
2022-10-18,43,190,106
2022-10-19,43,172,111
2022-10-20,45,187,111
2022-10-21,45,194,115
2022-10-22,42,175,109
2022-10-23,42,172,109
2022-10-24,45,193,114
2022-10-25,41,195,113
2022-10-26,45,190,111
2022-10-27,47,190,121
2022-10-28,45,188,110
2022-10-29,41,172,104
2022-10-30,37,154,101
2022-10-31,47,177,116
2022-11-01,49,202,120
2022-11-02,48,217,124
2022-11-03,50,222,122
2022-11-04,53,233,141
2022-11-05,54,219,143
2022-11-06,53,220,130
2022-11-07,60,252,154
2022-11-08,59,257,157
2022-11-09,66,271,165
2022-11-10,65,286,170
2022-11-11,64,272,163
2022-11-12,61,241,148
2022-11-13,62,254,154
2022-11-14,64,277,162
2022-11-15,67,284,170
2022-11-16,68,279,169
2022-11-17,70,282,172
2022-11-18,73,292,184
2022-11-19,69,269,171
2022-11-20,65,276,162
2022-11-21,73,297,174
2022-11-22,68,285,177
2022-11-23,73,301,178
2022-11-24,70,297,185
2022-11-25,71,302,176
2022-11-26,66,270,168
2022-11-27,67,270,164
2022-11-28,73,300,182
2022-11-29,74,309,185
2022-11-30,72,309,182
2022-12-01,82,325,186
2022-12-02,87,351,215
2022-12-03,78,339,199
2022-12-04,80,338,201
2022-12-05,87,374,216
2022-12-06,91,365,226
2022-12-07,93,394,224
2022-12-08,94,400,238
2022-12-09,95,389,235
2022-12-10,88,355,215
2022-12-11,85,346,216
2022-12-12,93,396,225
2022-12-13,95,381,234
2022-12-14,97,382,236
2022-12-15,94,393,240
2022-12-16,97,396,239
2022-12-17,88,364,214
2022-12-18,90,366,220
2022-12-19,94,396,238
2022-12-20,92,388,236
2022-12-21,96,392,234
2022-12-22,93,392,235
2022-12-23,99,400,240
2022-12-24,90,357,213
2022-12-25,84,369,214
2022-12-26,93,396,238
2022-12-27,97,404,238
2022-12-28,98,400,242
2022-12-29,97,395,237
2022-12-30,98,397,240
2022-12-31,89,380,223
2023-01-01,87,363,212
2023-01-02,93,388,234
2023-01-03,94,394,234
2023-01-04,95,386,235
2023-01-05,97,396,237
2023-01-06,99,388,233
2023-01-07,88,354,211
2023-01-08,81,348,209
2023-01-09,88,373,223
2023-01-10,92,373,233
2023-01-11,93,376,226
2023-01-12,89,367,221
2023-01-13,92,395,235
2023-01-14,85,348,203
2023-01-15,81,342,197
2023-01-16,88,377,222
2023-01-17,92,372,226
2023-01-18,90,387,232
2023-01-19,92,391,228
2023-01-20,92,385,227
2023-01-21,84,338,213
2023-01-22,81,334,199
2023-01-23,88,371,222
2023-01-24,88,370,227
2023-01-25,88,374,225
2023-01-26,91,380,220
2023-01-27,88,380,237
2023-01-28,87,357,207
2023-01-29,79,328,203
2023-01-30,90,385,230
2023-01-31,93,381,228
2023-02-01,92,385,230
2023-02-02,89,382,229
2023-02-03,89,374,230
2023-02-04,82,355,209
2023-02-05,80,337,203
2023-02-06,87,362,223
2023-02-07,90,372,227
2023-02-08,87,377,217
2023-02-09,85,353,216
2023-02-10,87,370,221
2023-02-11,77,329,197
2023-02-12,75,322,194
2023-02-13,88,357,216
2023-02-14,84,372,224
2023-02-15,84,362,222
2023-02-16,88,358,216
2023-02-17,88,372,227
2023-02-18,81,348,202
2023-02-19,79,342,206
2023-02-20,89,357,217
2023-02-21,90,370,218
2023-02-22,89,363,228
2023-02-23,93,377,229
2023-02-24,89,374,228
2023-02-25,81,335,195
2023-02-26,80,340,205
2023-02-27,90,367,214
2023-02-28,89,371,223
2023-03-01,79,338,196
2023-03-02,75,311,188
2023-03-03,67,285,172
2023-03-04,58,245,147
2023-03-05,52,234,135
2023-03-06,57,238,149
2023-03-07,58,233,148
2023-03-08,55,240,144
2023-03-09,58,245,135
2023-03-10,54,225,138
2023-03-11,48,197,118
2023-03-12,44,199,117
2023-03-13,51,204,121
2023-03-14,46,203,116
2023-03-15,52,195,123
2023-03-16,50,197,117
2023-03-17,45,189,121
2023-03-18,46,178,104
2023-03-19,36,166,103
2023-03-20,50,198,117
2023-03-21,45,189,121
2023-03-22,46,176,111
2023-03-23,42,179,112
2023-03-24,43,178,112
2023-03-25,38,174,95
2023-03-26,39,162,99
2023-03-27,43,179,103
2023-03-28,42,198,108
2023-03-29,46,175,110
2023-03-30,45,191,102
2023-03-31,45,179,113
2023-04-01,38,160,98
2023-04-02,35,154,89
2023-04-03,36,172,94
2023-04-04,41,176,100
2023-04-05,41,178,110
2023-04-06,42,185,105
2023-04-07,45,190,111
2023-04-08,40,162,103
2023-04-09,43,162,99
2023-04-10,46,195,106
2023-04-11,44,186,110
2023-04-12,39,186,116
2023-04-13,44,178,108
2023-04-14,47,188,112
2023-04-15,40,159,97
2023-04-16,39,165,103
2023-04-17,44,165,105
2023-04-18,43,177,101
2023-04-19,48,168,101
2023-04-20,42,184,100
2023-04-21,41,179,104
2023-04-22,37,159,94
2023-04-23,38,158,92
2023-04-24,41,168,102
2023-04-25,41,171,107
2023-04-26,45,165,105
2023-04-27,41,175,108
2023-04-28,44,177,99
2023-04-29,37,166,86
2023-04-30,42,167,103
2023-05-01,42,164,108
2023-05-02,46,185,105
2023-05-03,43,177,105
2023-05-04,46,178,107
2023-05-05,42,174,110
2023-05-06,43,168,96
2023-05-07,41,176,97
2023-05-08,42,183,114
2023-05-09,42,172,110
2023-05-10,45,182,107
2023-05-11,48,193,111
2023-05-12,44,176,113
2023-05-13,39,162,99
2023-05-14,41,175,104
2023-05-15,45,194,115
2023-05-16,45,192,115
2023-05-17,47,191,114
2023-05-18,49,194,110
2023-05-19,47,192,116
2023-05-20,41,178,104
2023-05-21,40,171,100
2023-05-22,44,184,109
2023-05-23,45,184,110
2023-05-24,43,179,109
2023-05-25,44,186,110
2023-05-26,40,195,116
2023-05-27,41,178,96
2023-05-28,43,158,99
2023-05-29,40,179,109
2023-05-30,42,182,107
2023-05-31,41,173,109
2023-06-01,42,186,113
2023-06-02,40,186,116
2023-06-03,41,170,104
2023-06-04,39,168,95
2023-06-05,43,180,108
2023-06-06,44,171,103
2023-06-07,47,181,110
2023-06-08,43,173,113
2023-06-09,41,167,102
2023-06-10,33,151,89
2023-06-11,39,152,97
2023-06-12,44,178,103
2023-06-13,41,162,102
2023-06-14,39,175,113
2023-06-15,41,157,100
2023-06-16,43,178,104
2023-06-17,40,156,94
2023-06-18,40,154,98
2023-06-19,40,188,103
2023-06-20,43,184,107
2023-06-21,44,186,113
2023-06-22,45,181,109
2023-06-23,49,190,107
2023-06-24,39,161,97
2023-06-25,35,155,102
2023-06-26,43,161,110
2023-06-27,45,177,110
2023-06-28,41,177,114
2023-06-29,42,168,107
2023-06-30,42,184,106
2023-07-01,34,153,88
2023-07-02,31,144,83
2023-07-03,36,152,87
2023-07-04,36,156,93
2023-07-05,42,165,102
2023-07-06,42,180,106
2023-07-07,43,180,104
2023-07-08,40,161,95
2023-07-09,41,153,95
2023-07-10,45,180,107
2023-07-11,44,183,103
2023-07-12,44,196,109
2023-07-13,45,186,113
2023-07-14,45,194,116
2023-07-15,43,165,101
2023-07-16,41,174,100
2023-07-17,48,199,111
2023-07-18,46,193,128
2023-07-19,46,206,112
2023-07-20,43,185,110
2023-07-21,44,182,108
2023-07-22,43,175,105
2023-07-23,40,163,96
2023-07-24,39,174,99
2023-07-25,40,182,113
2023-07-26,44,189,108
2023-07-27,40,183,110
2023-07-28,43,179,112
2023-07-29,38,160,95
2023-07-30,40,158,96
2023-07-31,42,178,102
2023-08-01,43,185,107
2023-08-02,46,187,111
2023-08-03,43,178,110
2023-08-04,40,160,105
2023-08-05,34,147,92
2023-08-06,36,143,91
2023-08-07,42,160,105
2023-08-08,35,171,93
2023-08-09,38,147,95
2023-08-10,38,154,90
2023-08-11,33,153,88
2023-08-12,35,129,78
2023-08-13,33,121,74
2023-08-14,37,136,79
2023-08-15,39,138,88
2023-08-16,35,128,86
2023-08-17,36,148,91
2023-08-18,34,151,85
2023-08-19,29,126,74
2023-08-20,32,118,77
2023-08-21,33,140,90
2023-08-22,33,146,86
2023-08-23,33,153,78
2023-08-24,36,143,81
2023-08-25,37,131,83
2023-08-26,28,129,71
2023-08-27,30,120,71
2023-08-28,33,131,75
2023-08-29,38,133,73
2023-08-30,31,127,84
2023-08-31,34,140,81
2023-09-01,37,154,93
2023-09-02,37,151,91
2023-09-03,36,152,89
2023-09-04,40,170,95
2023-09-05,37,156,99
2023-09-06,37,171,100
2023-09-07,44,168,103
2023-09-08,44,182,101
2023-09-09,39,161,97
2023-09-10,38,169,89
2023-09-11,41,179,107
2023-09-12,45,183,104
2023-09-13,44,170,108
2023-09-14,46,182,105
2023-09-15,41,166,106
2023-09-16,36,155,91
2023-09-17,39,165,100
2023-09-18,41,182,104
2023-09-19,41,177,113
2023-09-20,43,175,100
2023-09-21,42,178,104
2023-09-22,39,170,111
2023-09-23,41,155,99
2023-09-24,36,168,97
2023-09-25,44,166,109
2023-09-26,43,186,112
2023-09-27,42,173,109
2023-09-28,42,171,102
2023-09-29,38,168,107
2023-09-30,39,156,99
2023-10-01,36,159,94
2023-10-02,43,164,101
2023-10-03,40,179,113
2023-10-04,42,175,110
2023-10-05,46,182,112
2023-10-06,42,194,120
2023-10-07,42,158,100
2023-10-08,42,166,106
2023-10-09,45,178,109
2023-10-10,41,178,105
2023-10-11,46,194,103
2023-10-12,39,177,101
2023-10-13,43,185,114
2023-10-14,39,161,89
2023-10-15,38,157,97
2023-10-16,40,169,97
2023-10-17,37,168,98
2023-10-18,43,173,103
2023-10-19,41,159,113
2023-10-20,40,173,99
2023-10-21,40,161,93
2023-10-22,38,171,96
2023-10-23,41,166,95
2023-10-24,42,177,109
2023-10-25,39,176,107
2023-10-26,44,184,111
2023-10-27,44,177,113
2023-10-28,41,165,107
2023-10-29,43,172,88
2023-10-30,45,179,113
2023-10-31,45,185,109
2023-11-01,49,204,116
2023-11-02,45,197,121
2023-11-03,52,209,123
2023-11-04,49,214,132
2023-11-05,53,220,128
2023-11-06,54,237,143
2023-11-07,59,249,151
2023-11-08,62,250,143
2023-11-09,62,261,161
2023-11-10,63,269,160
2023-11-11,59,252,145
2023-11-12,58,246,145
2023-11-13,65,264,162
2023-11-14,65,273,161
2023-11-15,66,279,168
2023-11-16,69,299,169
2023-11-17,70,283,177
2023-11-18,63,269,161
2023-11-19,65,266,159
2023-11-20,73,296,174
2023-11-21,70,305,176
2023-11-22,70,293,176
2023-11-23,71,293,176
2023-11-24,70,302,177
2023-11-25,65,280,169
2023-11-26,63,260,155
2023-11-27,72,291,174
2023-11-28,69,291,178
2023-11-29,68,299,174
2023-11-30,70,284,175
2023-12-01,80,335,207
2023-12-02,76,310,186
2023-12-03,78,328,193
2023-12-04,90,371,226
2023-12-05,87,383,231
2023-12-06,89,377,226
2023-12-07,90,378,229
2023-12-08,94,389,226
2023-12-09,83,362,215
2023-12-10,85,357,212
2023-12-11,95,391,237
2023-12-12,91,388,233
2023-12-13,91,379,228
2023-12-14,91,394,234
2023-12-15,91,390,238
2023-12-16,87,361,219
2023-12-17,90,362,225
2023-12-18,94,398,239
2023-12-19,96,399,242
2023-12-20,103,409,257
2023-12-21,100,419,247
2023-12-22,97,407,242
2023-12-23,89,370,231
2023-12-24,86,369,222
2023-12-25,94,405,239
2023-12-26,92,406,237
2023-12-27,95,407,240
2023-12-28,99,413,241
2023-12-29,101,410,258
2023-12-30,87,374,224
2023-12-31,89,364,220
2024-01-01,91,397,239
2024-01-02,96,379,233
2024-01-03,95,406,244
2024-01-04,96,407,238
2024-01-05,97,402,241
2024-01-06,86,371,218
2024-01-07,82,350,212
2024-01-08,90,385,229
2024-01-09,84,370,219
2024-01-10,90,376,223
2024-01-11,94,375,228
2024-01-12,93,379,231
2024-01-13,83,348,205
2024-01-14,83,346,211
2024-01-15,89,364,214
2024-01-16,89,372,222
2024-01-17,92,372,222
2024-01-18,87,370,222
2024-01-19,92,383,230
2024-01-20,81,349,207
2024-01-21,81,333,197
2024-01-22,90,368,212
2024-01-23,89,371,220
2024-01-24,90,363,211
2024-01-25,88,363,215
2024-01-26,88,351,221
2024-01-27,78,324,198
2024-01-28,81,336,198
2024-01-29,87,361,220
2024-01-30,90,364,222
2024-01-31,89,354,214
2024-02-01,90,367,208
2024-02-02,90,371,226
2024-02-03,80,335,201
2024-02-04,80,345,199
2024-02-05,87,357,225
2024-02-06,91,366,219
2024-02-07,89,376,222
2024-02-08,89,368,222
2024-02-09,90,371,226
2024-02-10,81,337,201
2024-02-11,85,347,212
2024-02-12,91,373,230
2024-02-13,91,381,228
2024-02-14,86,394,233
2024-02-15,95,393,237
2024-02-16,95,406,236
2024-02-17,86,360,213
2024-02-18,84,342,205
2024-02-19,89,375,215
2024-02-20,93,379,228
2024-02-21,90,381,236
2024-02-22,92,381,230
2024-02-23,94,389,231
2024-02-24,87,359,213
2024-02-25,83,349,208
2024-02-26,91,377,219
2024-02-27,87,368,227
2024-02-28,87,380,228
2024-02-29,94,385,225
2024-03-01,77,320,194
2024-03-02,68,277,176
2024-03-03,63,281,168
2024-03-04,68,273,168
2024-03-05,61,270,159
2024-03-06,59,242,140
2024-03-07,56,251,145
2024-03-08,56,239,148
2024-03-09,52,201,117
2024-03-10,53,213,121
2024-03-11,49,219,128
2024-03-12,51,221,131
2024-03-13,49,214,132
2024-03-14,51,210,129
2024-03-15,49,209,111
2024-03-16,42,185,106
2024-03-17,42,175,113
2024-03-18,48,202,111
2024-03-19,48,201,120
2024-03-20,47,197,123
2024-03-21,44,209,121
2024-03-22,47,200,111
2024-03-23,41,174,110
2024-03-24,42,176,102
2024-03-25,45,194,115
2024-03-26,46,196,117
2024-03-27,47,197,119
2024-03-28,46,197,114
2024-03-29,44,188,114
2024-03-30,38,176,91
2024-03-31,45,172,97
2024-04-01,42,176,102
2024-04-02,43,177,106
2024-04-03,44,172,108
2024-04-04,45,186,110
2024-04-05,48,188,115
2024-04-06,43,170,103
2024-04-07,40,175,100
2024-04-08,46,181,105
2024-04-09,45,182,113
2024-04-10,39,185,109
2024-04-11,42,183,109
2024-04-12,44,176,112
2024-04-13,42,167,102
2024-04-14,41,171,105
2024-04-15,42,175,111
2024-04-16,44,183,114
2024-04-17,45,189,108
2024-04-18,49,185,111
2024-04-19,43,177,106
2024-04-20,38,155,95
2024-04-21,42,161,98
2024-04-22,44,185,98
2024-04-23,40,172,104
2024-04-24,42,176,108
2024-04-25,43,173,97
2024-04-26,41,176,107
2024-04-27,37,160,93
2024-04-28,38,154,93
2024-04-29,40,176,103
2024-04-30,46,186,110
2024-05-01,43,188,114
2024-05-02,46,199,116
2024-05-03,48,192,118
2024-05-04,39,166,102
2024-05-05,39,163,101
2024-05-06,39,168,105
2024-05-07,41,196,108
2024-05-08,43,177,106
2024-05-09,43,180,106
2024-05-10,43,190,115
2024-05-11,40,157,101
2024-05-12,42,170,100
2024-05-13,46,178,109
2024-05-14,42,182,114
2024-05-15,43,179,111
2024-05-16,44,188,109
2024-05-17,47,176,115
2024-05-18,37,150,98
2024-05-19,37,150,87
2024-05-20,42,181,108
2024-05-21,43,182,108
2024-05-22,42,180,112
2024-05-23,45,194,117
2024-05-24,46,185,106
2024-05-25,40,167,89
2024-05-26,38,160,99
2024-05-27,42,180,107
2024-05-28,42,174,104
2024-05-29,41,184,111
2024-05-30,42,189,107
2024-05-31,45,172,98
2024-06-01,39,161,96
2024-06-02,36,153,90
2024-06-03,40,173,101
2024-06-04,42,167,100
2024-06-05,38,167,88
2024-06-06,39,165,102
2024-06-07,40,171,92
2024-06-08,37,143,87
2024-06-09,36,160,93
2024-06-10,41,170,99
2024-06-11,41,180,101
2024-06-12,46,183,114
2024-06-13,48,180,112
2024-06-14,45,184,113
2024-06-15,48,182,115
2024-06-16,43,168,102
2024-06-17,46,189,109
2024-06-18,42,205,111
2024-06-19,44,187,111
2024-06-20,43,186,106
2024-06-21,39,172,102
2024-06-22,41,165,95
2024-06-23,35,149,94
2024-06-24,43,173,103
2024-06-25,42,179,98
2024-06-26,42,180,115
2024-06-27,44,189,114
2024-06-28,47,191,110
2024-06-29,37,156,95
2024-06-30,36,156,93
2024-07-01,38,162,100
2024-07-02,37,162,92
2024-07-03,40,164,99
2024-07-04,39,159,93
2024-07-05,40,176,99
2024-07-06,38,158,91
2024-07-07,39,135,86
2024-07-08,39,166,104
2024-07-09,42,177,107
2024-07-10,41,171,109
2024-07-11,44,178,116
2024-07-12,49,200,115
2024-07-13,44,187,105
2024-07-14,45,182,112
2024-07-15,47,201,117
2024-07-16,44,205,114
2024-07-17,50,199,124
2024-07-18,51,207,125
2024-07-19,49,189,121
2024-07-20,41,181,103
2024-07-21,40,188,111
2024-07-22,46,194,115
2024-07-23,49,194,123
2024-07-24,47,195,118
2024-07-25,45,195,114
2024-07-26,47,200,113
2024-07-27,41,174,101
2024-07-28,41,171,105
2024-07-29,43,178,109
2024-07-30,43,192,109
2024-07-31,50,199,115
2024-08-01,47,179,123
2024-08-02,44,187,105
2024-08-03,40,157,98
2024-08-04,37,153,92
2024-08-05,42,166,101
2024-08-06,42,183,103
2024-08-07,38,163,99
2024-08-08,39,171,100
2024-08-09,42,166,106
2024-08-10,35,140,96
2024-08-11,29,134,80
2024-08-12,40,158,94
2024-08-13,34,158,88
2024-08-14,37,147,88
2024-08-15,34,144,90
2024-08-16,35,142,92
2024-08-17,25,132,80
2024-08-18,33,126,76
2024-08-19,35,148,82
2024-08-20,34,148,74
2024-08-21,32,149,89
2024-08-22,35,139,82
2024-08-23,34,157,86
2024-08-24,32,130,84
2024-08-25,30,128,70
2024-08-26,32,145,82
2024-08-27,37,126,80
2024-08-28,33,134,78
2024-08-29,31,133,82
2024-08-30,36,135,85
2024-08-31,30,126,60
2024-09-01,33,147,81
2024-09-02,41,165,92
2024-09-03,37,153,93
2024-09-04,37,169,94
2024-09-05,43,178,98
2024-09-06,45,179,108
2024-09-07,37,164,101
2024-09-08,37,168,94
2024-09-09,44,176,107
2024-09-10,38,176,102
2024-09-11,40,186,104
2024-09-12,42,180,104
2024-09-13,47,179,112
2024-09-14,43,166,104
2024-09-15,38,182,104
2024-09-16,42,172,106
2024-09-17,41,186,99
2024-09-18,42,173,103
2024-09-19,41,173,108
2024-09-20,42,174,91
2024-09-21,39,148,97
2024-09-22,41,153,94
2024-09-23,40,181,104
2024-09-24,45,176,105
2024-09-25,41,176,96
2024-09-26,41,170,105
2024-09-27,43,173,107
2024-09-28,37,152,101
2024-09-29,38,158,98
2024-09-30,40,166,104
2024-10-01,43,175,108
2024-10-02,42,170,107
2024-10-03,42,188,109
2024-10-04,46,193,113
2024-10-05,36,173,105
2024-10-06,39,171,96
2024-10-07,40,177,116
2024-10-08,42,186,112
2024-10-09,43,182,111
2024-10-10,44,179,114
2024-10-11,46,188,106
2024-10-12,38,167,107
2024-10-13,40,167,101
2024-10-14,42,174,107
2024-10-15,42,170,110
2024-10-16,46,173,111
2024-10-17,48,184,107
2024-10-18,44,179,107
2024-10-19,41,156,94
2024-10-20,39,162,99
2024-10-21,46,175,107
2024-10-22,40,180,103
2024-10-23,44,182,113
2024-10-24,42,171,110
2024-10-25,46,188,117
2024-10-26,42,170,95
2024-10-27,40,173,99
2024-10-28,43,180,102
2024-10-29,45,190,108
2024-10-30,41,181,100
2024-10-31,44,181,114
2024-11-01,45,192,110
2024-11-02,43,174,109
2024-11-03,45,193,112
2024-11-04,52,215,129
2024-11-05,57,237,145
2024-11-06,58,242,146
2024-11-07,59,250,159
2024-11-08,60,257,153
2024-11-09,57,237,144
2024-11-10,55,251,149
2024-11-11,63,260,160
2024-11-12,68,299,172
2024-11-13,67,288,175
2024-11-14,73,293,180
2024-11-15,71,297,183
2024-11-16,67,279,167
2024-11-17,63,270,161
2024-11-18,68,277,167
2024-11-19,66,291,167
2024-11-20,67,281,170
2024-11-21,73,284,175
2024-11-22,69,294,179
2024-11-23,63,263,167
2024-11-24,65,267,160
2024-11-25,71,306,176
2024-11-26,71,283,172
2024-11-27,68,301,166
2024-11-28,70,278,174
2024-11-29,72,311,183
2024-11-30,65,286,168
2024-12-01,74,301,181
2024-12-02,81,346,208
2024-12-03,89,359,203
2024-12-04,88,355,215
2024-12-05,88,369,218
2024-12-06,91,369,228
2024-12-07,88,341,208
2024-12-08,79,350,214
2024-12-09,93,380,231
2024-12-10,99,400,232
2024-12-11,92,392,233
2024-12-12,95,384,235
2024-12-13,96,391,231
2024-12-14,89,349,215
2024-12-15,85,354,213
2024-12-16,94,387,231
2024-12-17,93,387,238
2024-12-18,93,398,236
2024-12-19,94,401,235
2024-12-20,96,394,233
2024-12-21,86,359,218
2024-12-22,87,357,208
2024-12-23,100,386,240
2024-12-24,97,392,239
2024-12-25,95,406,236
2024-12-26,97,393,251
2024-12-27,95,406,242
2024-12-28,89,375,229
2024-12-29,89,372,222
2024-12-30,98,396,244
2024-12-31,98,407,238
2025-01-01,81,339,197
2025-01-02,71,283,171
2025-01-03,54,224,137
2025-01-04,43,182,107
2025-01-05,35,143,89
2025-01-06,34,133,81
2025-01-07,26,96,59
2025-01-08,21,85,53
2025-01-09,20,75,48
2025-01-10,15,56,36
2025-01-11,10,56,31
2025-01-12,11,48,16
2025-01-13,10,28,22
2025-01-14,7,35,20
2025-01-15,9,22,18
2025-01-16,6,12,10
2025-01-17,4,25,13
2025-01-18,1,14,17
2025-01-19,3,9,9
2025-01-20,4,7,8
2025-01-21,1,12,5
2025-01-22,2,3,2
2025-01-23,3,4,4
2025-01-24,0,9,1
2025-01-25,0,7,6
2025-01-26,0,13,2
2025-01-27,0,3,0
2025-01-28,1,0,1
2025-01-29,0,6,0
2025-01-30,0,2,6
